[18:51:08] [main/INFO] ========================================
[18:51:08] [main/INFO] Minecraft: 1.21.1
[18:51:08] [main/INFO] Side: server
[18:51:08] [main/INFO] Development: false
[18:51:08] [main/INFO] Version: 16.0.799
[18:51:08] [main/INFO] Loader:
[18:51:08] [main/INFO] - Fabric: 0.18.4
[18:51:08] [main/INFO] - Fabric API: 0.116.14+1.21.1
[18:51:08] [main/INFO] Dependencies:
[18:51:08] [main/INFO] - Cloth Config: 15.0.140
[18:51:08] [main/INFO] - Architectury: 13.0.8
[18:51:08] [main/INFO] Mixin: 0.8.7
[18:51:08] [main/INFO] OS: Windows 11 10.0 (amd64)
[18:51:08] [main/INFO] Java: 21.0.9 (Oracle Corporation)
[18:51:08] [main/INFO] ========================================
[18:51:08] [main/INFO] Mods:
[18:51:08] [main/INFO] - accessories: 1.1.0-beta.53+1.21.1
[18:51:08] [main/INFO] - accessories_compat_layer: 0.1.12
[18:51:08] [main/INFO] - advancementdisable: 1.0.0
[18:51:08] [main/INFO] - architectury: 13.0.8
[18:51:08] [main/INFO] - athena: 4.0.6
[18:51:08] [main/INFO] - balm: 21.0.63
[18:51:08] [main/INFO] - beautify: 2.0.0+1.21.1
[18:51:08] [main/INFO] - better_pokedex_scanner: 1.0.0
[18:51:08] [main/INFO] - biome_replacer: 2.1-hippo
[18:51:08] [main/INFO] - blue_endless_jankson: 1.2.3
[18:51:08] [main/INFO] - c2me: 0.4.0-alpha.0.23+1.21.1
[18:51:08] [main/INFO] - c2me-base: 0.4.0-alpha.0.23+1.21.1
[18:51:08] [main/INFO] - c2me-fixes-chunkio-threading-issues: 0.4.0-alpha.0.23+1.21.1
[18:51:08] [main/INFO] - c2me-fixes-general-threading-issues: 0.4.0-alpha.0.23+1.21.1
[18:51:08] [main/INFO] - c2me-fixes-worldgen-threading-issues: 0.4.0-alpha.0.23+1.21.1
[18:51:08] [main/INFO] - c2me-fixes-worldgen-vanilla-bugs: 0.4.0-alpha.0.23+1.21.1
[18:51:08] [main/INFO] - c2me-notickvd: 0.4.0-alpha.0.23+1.21.1
[18:51:08] [main/INFO] - c2me-opts-allocs: 0.4.0-alpha.0.23+1.21.1
[18:51:08] [main/INFO] - c2me-opts-chunkio: 0.4.0-alpha.0.23+1.21.1
[18:51:08] [main/INFO] - c2me-opts-math: 0.4.0-alpha.0.23+1.21.1
[18:51:08] [main/INFO] - c2me-opts-scheduling: 0.4.0-alpha.0.23+1.21.1
[18:51:08] [main/INFO] - c2me-opts-worldgen-general: 0.4.0-alpha.0.23+1.21.1
[18:51:08] [main/INFO] - c2me-opts-worldgen-vanilla: 0.4.0-alpha.0.23+1.21.1
[18:51:08] [main/INFO] - c2me-rewrites-chunk-system: 0.4.0-alpha.0.23+1.21.1
[18:51:08] [main/INFO] - c2me-rewrites-chunkio: 0.4.0-alpha.0.23+1.21.1
[18:51:08] [main/INFO] - c2me-server-utils: 0.4.0-alpha.0.23+1.21.1
[18:51:08] [main/INFO] - c2me-threading-lighting: 0.4.0-alpha.0.23+1.21.1
[18:51:08] [main/INFO] - capture_xp: 1.7.3-fabric-1.3.0
[18:51:08] [main/INFO] - cardinal-components-base: 6.1.2
[18:51:08] [main/INFO] - cardinal-components-block: 6.1.0
[18:51:08] [main/INFO] - cardinal-components-entity: 6.1.2
[18:51:08] [main/INFO] - carved_wood: 1.9.7-B
[18:51:08] [main/INFO] - cloth-basic-math: 0.6.1
[18:51:08] [main/INFO] - cloth-config: 15.0.140
[18:51:08] [main/INFO] - cloth-config: 15.0.140
[18:51:08] [main/INFO] - cobblecuisine: 2.0.1
[18:51:08] [main/INFO] - cobbledollars: 2.0.0+Beta-5.1+1.21.1
[18:51:08] [main/INFO] - cobblefurnies: 1.2
[18:51:08] [main/INFO] - cobblemon: 1.7.3+1.21.1
[18:51:08] [main/INFO] - cobblemon-additions: 4.1.6
[18:51:08] [main/INFO] - cobblemon-battle-extras: 1.13.45
[18:51:08] [main/INFO] - cobblemon_spawn_alerts: 1.13.2
[18:51:08] [main/INFO] - cobblemonbattlepositions: 1.1.2
[18:51:08] [main/INFO] - cobblemonraiddens: 0.11.3+1.21.1
[18:51:08] [main/INFO] - cobblenav: 2.3.3
[18:51:08] [main/INFO] - cobbleversebadges: 1.3
[18:51:08] [main/INFO] - cobbreeding: 2.2.2
[18:51:08] [main/INFO] - com_electronwill_night-config_core: 3.8.3
[18:51:08] [main/INFO] - com_electronwill_night-config_toml: 3.8.3
[18:51:08] [main/INFO] - com_github_ben-manes_caffeine_caffeine: 3.2.1
[18:51:08] [main/INFO] - com_github_keksuccino_japng: 0.5.3
[18:51:08] [main/INFO] - com_github_rtyley_animated-gif-lib-for-java: animated-gif-lib-1.7
[18:51:08] [main/INFO] - com_github_vlsi_mxgraph_jgraphx: 4.2.2
[18:51:08] [main/INFO] - com_google_auto_service_auto-service: 1.0
[18:51:08] [main/INFO] - com_ibm_async_asyncutil: 0.1.0
[18:51:08] [main/INFO] - com_teamresourceful_bytecodecs: 1.1.2
[18:51:08] [main/INFO] - com_teamresourceful_yabn: 1.0.3
[18:51:08] [main/INFO] - com_twelvemonkeys_common_common-image: 3.12.0
[18:51:08] [main/INFO] - com_twelvemonkeys_common_common-io: 3.12.0
[18:51:08] [main/INFO] - com_twelvemonkeys_common_common-lang: 3.12.0
[18:51:08] [main/INFO] - com_twelvemonkeys_imageio_imageio-core: 3.12.0
[18:51:08] [main/INFO] - com_twelvemonkeys_imageio_imageio-metadata: 3.12.0
[18:51:08] [main/INFO] - com_twelvemonkeys_imageio_imageio-webp: 3.12.0
[18:51:08] [main/INFO] - com_velocitypowered_velocity-native: 3.3.0-SNAPSHOT
[18:51:08] [main/INFO] - comforts: 9.0.5+1.21.1
[18:51:08] [main/INFO] - commons-io_commons-io: 2.15.1
[18:51:08] [main/INFO] - configurable: 3.5.2
[18:51:08] [main/INFO] - cozyhome: 1.1.20
[18:51:08] [main/INFO] - debugify: 1.21.1+1.0
[18:51:08] [main/INFO] - defaultoptions: 21.1.7
[18:51:08] [main/INFO] - emberstextapi: 3.0.3
[18:51:08] [main/INFO] - entityculling: 1.10.5
[18:51:08] [main/INFO] - error_notifier: 1.0.11
[18:51:08] [main/INFO] - fabric-api: 0.116.14+1.21.1
[18:51:08] [main/INFO] - fabric-api: 0.116.14+1.21.1
[18:51:08] [main/INFO] - fabric-api-base: 0.4.42+6573ed8c19
[18:51:08] [main/INFO] - fabric-api-lookup-api-v1: 1.6.72+7b3d111d19
[18:51:08] [main/INFO] - fabric-biome-api-v1: 13.0.31+d527f9fd19
[18:51:08] [main/INFO] - fabric-block-api-v1: 1.1.0+0bc3503219
[18:51:08] [main/INFO] - fabric-block-view-api-v2: 1.0.11+ebb2264e19
[18:51:08] [main/INFO] - fabric-command-api-v1: 1.2.49+f71b366f19
[18:51:08] [main/INFO] - fabric-command-api-v2: 2.2.28+6ced4dd919
[18:51:08] [main/INFO] - fabric-commands-v0: 0.2.66+df3654b319
[18:51:08] [main/INFO] - fabric-content-registries-v0: 8.0.19+b559734419
[18:51:08] [main/INFO] - fabric-convention-tags-v1: 2.1.7+7f945d5b19
[18:51:08] [main/INFO] - fabric-convention-tags-v2: 2.12.0+c3656daa19
[18:51:08] [main/INFO] - fabric-crash-report-info-v1: 0.2.29+0af3f5a719
[18:51:08] [main/INFO] - fabric-data-attachment-api-v1: 1.4.7+5b36e0f719
[18:51:08] [main/INFO] - fabric-data-generation-api-v1: 20.3.0+1eb36c0719
[18:51:08] [main/INFO] - fabric-dimensions-v1: 4.0.1+65213ef819
[18:51:08] [main/INFO] - fabric-entity-events-v1: 1.8.0+2b27e0a419
[18:51:08] [main/INFO] - fabric-events-interaction-v0: 0.7.14+ba9dae0619
[18:51:08] [main/INFO] - fabric-game-rule-api-v1: 1.0.53+6ced4dd919
[18:51:08] [main/INFO] - fabric-item-api-v1: 11.2.0+3b3cb2e819
[18:51:08] [main/INFO] - fabric-item-group-api-v1: 4.1.7+def88e3a19
[18:51:08] [main/INFO] - fabric-language-kotlin: 1.13.13+kotlin.2.4.10
[18:51:08] [main/INFO] - fabric-lifecycle-events-v1: 2.6.0+0865547519
[18:51:08] [main/INFO] - fabric-loot-api-v2: 3.0.15+3f89f5a519
[18:51:08] [main/INFO] - fabric-loot-api-v3: 1.0.3+3f89f5a519
[18:51:08] [main/INFO] - fabric-message-api-v1: 6.0.14+8aaf3aca19
[18:51:08] [main/INFO] - fabric-networking-api-v1: 4.3.1+d30f6a7919
[18:51:08] [main/INFO] - fabric-object-builder-api-v1: 15.2.1+40875a9319
[18:51:08] [main/INFO] - fabric-particles-v1: 4.0.2+6573ed8c19
[18:51:08] [main/INFO] - fabric-permissions-api-v0: 0.3.1
[18:51:08] [main/INFO] - fabric-recipe-api-v1: 5.0.16+2475392c19
[18:51:08] [main/INFO] - fabric-registry-sync-v0: 5.3.2+e3eddc2119
[18:51:08] [main/INFO] - fabric-rendering-data-attachment-v1: 0.3.49+73761d2e19
[18:51:08] [main/INFO] - fabric-rendering-fluids-v1: 3.1.6+1daea21519
[18:51:08] [main/INFO] - fabric-resource-conditions-api-v1: 4.3.0+8dc279b119
[18:51:08] [main/INFO] - fabric-resource-loader-v0: 1.3.1+5b5275af19
[18:51:08] [main/INFO] - fabric-screen-handler-api-v1: 1.3.91+b559734419
[18:51:08] [main/INFO] - fabric-tag-api-v1: 1.3.0+1eb36c0719
[18:51:08] [main/INFO] - fabric-transfer-api-v1: 5.4.4+7b3d111d19
[18:51:08] [main/INFO] - fabric-transitive-access-wideners-v1: 6.2.0+45b9699719
[18:51:08] [main/INFO] - fabricloader: 0.18.4
[18:51:08] [main/INFO] - fancymenu: 3.9.8
[18:51:08] [main/INFO] - ferritecore: 7.0.3
[18:51:08] [main/INFO] - fiber: 0.23.0-2
[18:51:08] [main/INFO] - fightorflight: 0.10.9
[18:51:08] [main/INFO] - forgeconfigapiport: 21.1.6
[18:51:08] [main/INFO] - forgivingvoid: 21.1.7
[18:51:08] [main/INFO] - fusion: 1.2.12
[18:51:08] [main/INFO] - fzzy_config: 0.7.6+1.21
[18:51:08] [main/INFO] - geckolib: 4.9.2
[18:51:08] [main/INFO] - globalpacks: 21.0.6
[18:51:08] [main/INFO] - handcrafted: 4.0.3
[18:51:08] [main/INFO] - highlight: 3.0.0
[18:51:08] [main/INFO] - hugestructureblocks: 1.1.6
[18:51:08] [main/INFO] - iceberg: 1.3.2
[18:51:08] [main/INFO] - interactic: 0.2.3+1.21
[18:51:08] [main/INFO] - io_gitlab_jfronny_muscript-all: 2.0.0-SNAPSHOT
[18:51:08] [main/INFO] - io_gitlab_jfronny_muscript-json: 2.0.0-SNAPSHOT
[18:51:08] [main/INFO] - io_reactivex_rxjava3_rxjava: 3.1.12
[18:51:08] [main/INFO] - io_wispforest_endec: 0.1.5.1
[18:51:08] [main/INFO] - io_wispforest_endec_gson: 0.1.3.1
[18:51:08] [main/INFO] - io_wispforest_endec_jankson: 0.1.3.1
[18:51:08] [main/INFO] - io_wispforest_endec_netty: 0.1.2
[18:51:08] [main/INFO] - jackfredlib-base: 1.4.0+1.21
[18:51:08] [main/INFO] - jackfredlib-colour: 1.1.0+1.21
[18:51:08] [main/INFO] - jackfredlib-config: 0.2.3+1.21
[18:51:08] [main/INFO] - jackfredlib-lying: 0.5.5+1.21
[18:51:08] [main/INFO] - java: 21
[18:51:08] [main/INFO] - konkrete: 1.9.9
[18:51:08] [main/INFO] - krypton: 0.2.8
[18:51:08] [main/INFO] - kuma_api: 21.0.8
[18:51:08] [main/INFO] - legendarymonuments: Cobbleverse
[18:51:08] [main/INFO] - lenientdeath: 1.2.5+1.21.1
[18:51:08] [main/INFO] - libjf: 3.17.5
[18:51:08] [main/INFO] - libjf-base: 3.17.3
[18:51:08] [main/INFO] - libjf-config-commands: 3.17.3
[18:51:08] [main/INFO] - libjf-config-core-v2: 3.17.3
[18:51:08] [main/INFO] - libjf-config-network-v0: 3.17.3
[18:51:08] [main/INFO] - libjf-data-manipulation-v0: 3.17.3
[18:51:08] [main/INFO] - libjf-data-v0: 3.17.3
[18:51:08] [main/INFO] - libjf-mainhttp-v0: 3.17.3
[18:51:08] [main/INFO] - libjf-resource-pack-entry-widgets-v0: 3.17.3
[18:51:08] [main/INFO] - libjf-translate-v1: 3.17.3
[18:51:08] [main/INFO] - libjf-unsafe-v0: 3.17.5
[18:51:08] [main/INFO] - libjf-web-v1: 3.17.3
[18:51:08] [main/INFO] - lithium: 0.15.4+mc1.21.1
[18:51:08] [main/INFO] - lootr: 1.21.1-1.11.38.124
[18:51:08] [main/INFO] - lumymon: 0.6.6
[18:51:08] [main/INFO] - mega_showdown: 1.8.4+1.7.3+1.21.1
[18:51:08] [main/INFO] - melody: 1.0.10
[18:51:08] [main/INFO] - midnightlib: 1.7.5
[18:51:08] [main/INFO] - minecraft: 1.21.1
[18:51:08] [main/INFO] - mixinextras: 0.5.0
[18:51:08] [main/INFO] - mixinsquared: 0.3.7-beta.1
[18:51:08] [main/INFO] - moarconcrete: 1.3.1
[18:51:08] [main/INFO] - mobsbegone: 0.0.7
[18:51:08] [main/INFO] - modernfix: 5.25.1+mc1.21.1
[18:51:08] [main/INFO] - more_cobblemon_tweaks: 1.3.3
[18:51:08] [main/INFO] - neruina: 3.3.3
[18:51:08] [main/INFO] - net_fabricmc_mapping-io: 0.6.1
[18:51:08] [main/INFO] - net_objecthunter_exp4j: 0.4.8
[18:51:08] [main/INFO] - net_peanuuutz_tomlkt_tomlkt-jvm: 0.3.7
[18:51:08] [main/INFO] - nethermap: 4.0.0-1.21.1
[18:51:08] [main/INFO] - netherportalfix: 21.1.3
[18:51:08] [main/INFO] - nochatrestrictions: Fabric-MC1.21.11-v1.0.0
[18:51:08] [main/INFO] - notenoughanimations: 1.12.4
[18:51:08] [main/INFO] - notenoughcrashes: 4.4.9+1.21.1
[18:51:08] [main/INFO] - obc: 1.3.0
[18:51:08] [main/INFO] - org_jctools_jctools-core: 4.0.5
[18:51:08] [main/INFO] - org_jetbrains_kotlin_kotlin-reflect: 2.4.10
[18:51:08] [main/INFO] - org_jetbrains_kotlin_kotlin-stdlib: 2.4.10
[18:51:08] [main/INFO] - org_jetbrains_kotlin_kotlin-stdlib-jdk7: 2.4.10
[18:51:08] [main/INFO] - org_jetbrains_kotlin_kotlin-stdlib-jdk8: 2.4.10
[18:51:08] [main/INFO] - org_jetbrains_kotlinx_atomicfu-jvm: 0.33.0
[18:51:08] [main/INFO] - org_jetbrains_kotlinx_kotlinx-coroutines-core-jvm: 1.11.0
[18:51:08] [main/INFO] - org_jetbrains_kotlinx_kotlinx-coroutines-jdk8: 1.11.0
[18:51:08] [main/INFO] - org_jetbrains_kotlinx_kotlinx-datetime-jvm: 0.8.0
[18:51:08] [main/INFO] - org_jetbrains_kotlinx_kotlinx-io-bytestring-jvm: 0.9.1
[18:51:08] [main/INFO] - org_jetbrains_kotlinx_kotlinx-io-core-jvm: 0.9.1
[18:51:08] [main/INFO] - org_jetbrains_kotlinx_kotlinx-serialization-cbor-jvm: 1.11.0
[18:51:08] [main/INFO] - org_jetbrains_kotlinx_kotlinx-serialization-core-jvm: 1.11.0
[18:51:08] [main/INFO] - org_jetbrains_kotlinx_kotlinx-serialization-json-jvm: 1.11.0
[18:51:08] [main/INFO] - org_jgrapht_jgrapht-core: 1.5.2
[18:51:08] [main/INFO] - org_jgrapht_jgrapht-ext: 1.5.2
[18:51:08] [main/INFO] - org_kohsuke_github-api: 2.0-rc.6
[18:51:08] [main/INFO] - org_quiltmc_parsers_gson: 0.3.1
[18:51:08] [main/INFO] - org_quiltmc_parsers_json: 0.3.1
[18:51:08] [main/INFO] - org_reactivestreams_reactive-streams: 1.0.4
[18:51:08] [main/INFO] - owo: 0.12.15.4+1.21
[18:51:08] [main/INFO] - packet_tweaker: 0.5.1+24w03b
[18:51:08] [main/INFO] - packetfixer: 3.3.1
[18:51:08] [main/INFO] - particular: 1.5.5
[18:51:08] [main/INFO] - pasture-loot: 1.0.5+1.21.1
[18:51:08] [main/INFO] - pingwheel: 1.12.2
[18:51:08] [main/INFO] - platform: 1.3.3
[18:51:08] [main/INFO] - playerxp: 1.0.9+1.21.1
[18:51:08] [main/INFO] - pokeblocks: 1.4.0-1.21.1
[18:51:08] [main/INFO] - porting_lib_conditions: 3.1.0-beta.47+1.21.1
[18:51:08] [main/INFO] - porting_lib_core: 3.1.0-beta.47+1.21.1
[18:51:08] [main/INFO] - porting_lib_fluids: 3.1.0-beta.47+1.21.1
[18:51:08] [main/INFO] - porting_lib_item_abilities: 3.1.0-beta.47+1.21.1
[18:51:08] [main/INFO] - porting_lib_lazy_registration: 3.1.0-beta.47+1.21.1
[18:51:08] [main/INFO] - porting_lib_level_events: 3.1.0-beta.47+1.21.1
[18:51:08] [main/INFO] - porting_lib_loot: 3.1.0-beta.47+1.21.1
[18:51:08] [main/INFO] - porting_lib_model_loader: 3.1.0-beta.47+1.21.1
[18:51:08] [main/INFO] - porting_lib_render_types: 3.1.0-beta.47+1.21.1
[18:51:08] [main/INFO] - porting_lib_transfer: 3.1.0-beta.47+1.21.1
[18:51:08] [main/INFO] - rctapi: 0.15.2-beta
[18:51:08] [main/INFO] - rctmod: 0.18.1-beta
[18:51:08] [main/INFO] - rechiseled: 1.2.4
[18:51:08] [main/INFO] - repurposed_structures: 7.5.21+1.21.1-fabric
[18:51:08] [main/INFO] - resourcefullib: 3.0.12
[18:51:08] [main/INFO] - respackopts: 4.14.0+1.21.1.4
[18:51:08] [main/INFO] - roughlyenoughitems: 16.0.799
[18:51:08] [main/INFO] - safepastures: 1.1.1+1.21.1
[18:51:08] [main/INFO] - scalablelux: 0.1.0.1+fabric.d0d58ab
[18:51:08] [main/INFO] - server_translations_api: 2.3.1+1.21-pre2
[18:51:08] [main/INFO] - sophisticatedbackpacks: 1.21.1-3.23.4.3.106
[18:51:08] [main/INFO] - sophisticatedcore: 1.21.1-1.2.9.21.168
[18:51:08] [main/INFO] - sophisticatedstorage: 1.21.1-1.3.7.9.139
[18:51:08] [main/INFO] - sound_physics_remastered: 1.21.1-1.5.1
[18:51:08] [main/INFO] - spectrelib: 0.17.2+1.21
[18:51:08] [main/INFO] - stackdeobfuscator: 1.4.3+08e71cc
[18:51:08] [main/INFO] - stackdeobfuscator-common: 1.4.3+08e71cc
[18:51:08] [main/INFO] - supermartijn642configlib: 1.1.8
[18:51:08] [main/INFO] - supermartijn642corelib: 1.1.21
[18:51:08] [main/INFO] - team_reborn_energy: 4.1.0
[18:51:08] [main/INFO] - tim_core: 1.7.3-fabric-1.32.0
[18:51:08] [main/INFO] - tmcraft: 1.4.18+1.7.3
[18:51:08] [main/INFO] - toms_storage: 2.3.0
[18:51:08] [main/INFO] - transition: 1.0.21
[18:51:08] [main/INFO] - trender: 1.0.15
[18:51:08] [main/INFO] - trinkets: 3.10.0
[18:51:08] [main/INFO] - vanillabackport: 1.1.7.10
[18:51:08] [main/INFO] - villagerconfig: 4.5.4
[18:51:08] [main/INFO] - waystones: 21.1.37
[18:51:08] [main/INFO] - xaerolib: 1.7.1
[18:51:08] [main/INFO] - xaerominimap: 26.4.2
[18:51:08] [main/INFO] - xaeroworldmap: 1.44.2
[18:51:08] [main/INFO] - yet_another_config_lib_v3: 3.8.2+1.21.1-fabric
[18:51:08] [main/INFO] - zamega: 1.7.3
[18:51:08] [main/INFO] - zfastnoise: 1.0.13+1.21
[18:51:08] [main/INFO] ========================================
[18:51:08] [main/INFO] [REI] Registered plugin provider DefaultPlugin [roughlyenoughitems] for REIPlugin
[18:51:08] [main/INFO] [REI] Registered plugin provider DefaultRuntimePlugin [roughlyenoughitems] for REIPlugin
[18:51:08] [main/INFO] [REI] Registered plugin provider REIServerCompat [sophisticatedbackpacks] for REIPlugin
[18:51:08] [main/INFO] [REI] Registered plugin provider REIServerCompat [sophisticatedcore] for REIPlugin
[18:51:08] [main/INFO] [REI] Registered plugin provider REIServerCompat [sophisticatedstorage] for REIPlugin
[18:51:08] [main/INFO] [REI] Registered plugin provider DefaultPlugin [roughlyenoughitems] for REIServerPlugin
[18:51:08] [main/INFO] [REI] Registered plugin provider DefaultRuntimePlugin [roughlyenoughitems] for REIServerPlugin
[18:51:08] [main/INFO] [REI] Registered plugin provider REIServerCompat [sophisticatedbackpacks] for REIServerPlugin
[18:51:08] [main/INFO] [REI] Registered plugin provider REIServerCompat [sophisticatedcore] for REIServerPlugin
[18:51:08] [main/INFO] [REI] Registered plugin provider REIServerCompat [sophisticatedstorage] for REIServerPlugin
[18:51:08] [main/INFO] [REI] Registered plugin provider FabricFluidAPISupportPlugin for REIServerPlugin
[18:51:08] [main/INFO] [REI] Registered plugin provider FabricFluidAPISupportPlugin for REIPlugin
[18:51:19] [main/DEBUG] [REI] Starting Reload Plugins of stage null
java.lang.Throwable
	at knot//me.shedaniel.rei.impl.common.plugins.ReloadManagerImpl.reloadPlugins(ReloadManagerImpl.java:110)
	at knot//me.shedaniel.rei.RoughlyEnoughItemsCore.lambda$onInitialize$5(RoughlyEnoughItemsCore.java:163)
	at java.base/java.util.concurrent.CompletableFuture$UniRun.tryFire(CompletableFuture.java:787)
	at java.base/java.util.concurrent.CompletableFuture$Completion.run(CompletableFuture.java:482)
	at knot//net.minecraft.class_4014.method_18365(class_4014.java:69)
	at knot//net.minecraft.class_156.method_43498(class_156.java:1024)
	at knot//net.minecraft.class_156.method_43499(class_156.java:1012)
	at knot//net.minecraft.server.Main.main(Main.java:182)
	at net.fabricmc.loader.impl.game.minecraft.MinecraftGameProvider.launch(MinecraftGameProvider.java:514)
	at net.fabricmc.loader.impl.launch.knot.Knot.launch(Knot.java:72)
	at net.fabricmc.loader.impl.launch.knot.KnotServer.main(KnotServer.java:23)
	at net.fabricmc.loader.impl.launch.server.FabricServerLauncher.main(FabricServerLauncher.java:69)
	at net.fabricmc.installer.ServerLauncher.main(ServerLauncher.java:69)
[18:51:19] [main/DEBUG] [REI] ========================================
[18:51:19] [main/DEBUG] [REI] REIPlugin starting pre-reload for START.
[18:51:19] [main/DEBUG] [REI] Reloadables (7):
[18:51:19] [main/DEBUG] [REI]  - EntryTypeRegistryImpl
[18:51:19] [main/DEBUG] [REI]  - EntrySettingsAdapterRegistryImpl
[18:51:19] [main/DEBUG] [REI]  - RecipeManagerContextImpl
[18:51:19] [main/DEBUG] [REI]  - ItemComparatorRegistryImpl
[18:51:19] [main/DEBUG] [REI]  - FluidComparatorRegistryImpl
[18:51:19] [main/DEBUG] [REI]  - DisplaySerializerRegistryImpl
[18:51:19] [main/DEBUG] [REI]  - FluidSupportProviderImpl
[18:51:19] [main/DEBUG] [REI] Plugins (6):
[18:51:19] [main/DEBUG] [REI]  - (-100,00) DefaultPlugin of DefaultPlugin [roughlyenoughitems]
[18:51:19] [main/DEBUG] [REI]  - (0,00) FabricFluidAPISupportPlugin
[18:51:19] [main/DEBUG] [REI]  - (0,00) REIServerCompat of REIServerCompat [sophisticatedstorage]
[18:51:19] [main/DEBUG] [REI]  - (0,00) REIServerCompat of REIServerCompat [sophisticatedcore]
[18:51:19] [main/DEBUG] [REI]  - (0,00) REIServerCompat of REIServerCompat [sophisticatedbackpacks]
[18:51:19] [main/DEBUG] [REI]  - (0,00) DefaultRuntimePlugin of DefaultRuntimePlugin [roughlyenoughitems]
[18:51:19] [main/DEBUG] [REI] ========================================
[18:51:19] [main/TRACE] [REI] [REIPlugin START] Reloading Section: "pre-register/"
[18:51:19] [main/TRACE] [REI] [REIPlugin START] Reloading Section: "pre-register/DefaultPlugin of DefaultPlugin [roughlyenoughitems]/"
[18:51:19] [main/TRACE] [REI] [REIPlugin START] Reloading Section: "pre-register/DefaultPlugin of DefaultPlugin [roughlyenoughitems]/" done in 651.5 μs
[18:51:19] [main/TRACE] [REI] [REIPlugin START] Reloading Section: "pre-register/FabricFluidAPISupportPlugin/"
[18:51:19] [main/TRACE] [REI] [REIPlugin START] Reloading Section: "pre-register/FabricFluidAPISupportPlugin/" done in 18.00 μs
[18:51:19] [main/TRACE] [REI] [REIPlugin START] Reloading Section: "pre-register/REIServerCompat of REIServerCompat [sophisticatedstorage]/"
[18:51:19] [main/TRACE] [REI] [REIPlugin START] Reloading Section: "pre-register/REIServerCompat of REIServerCompat [sophisticatedstorage]/" done in 9.200 μs
[18:51:19] [main/TRACE] [REI] [REIPlugin START] Reloading Section: "pre-register/REIServerCompat of REIServerCompat [sophisticatedcore]/"
[18:51:19] [main/TRACE] [REI] [REIPlugin START] Reloading Section: "pre-register/REIServerCompat of REIServerCompat [sophisticatedcore]/" done in 76.50 μs
[18:51:19] [main/TRACE] [REI] [REIPlugin START] Reloading Section: "pre-register/REIServerCompat of REIServerCompat [sophisticatedbackpacks]/"
[18:51:19] [main/TRACE] [REI] [REIPlugin START] Reloading Section: "pre-register/REIServerCompat of REIServerCompat [sophisticatedbackpacks]/" done in 7.500 μs
[18:51:19] [main/TRACE] [REI] [REIPlugin START] Reloading Section: "pre-register/DefaultRuntimePlugin of DefaultRuntimePlugin [roughlyenoughitems]/"
[18:51:19] [main/TRACE] [REI] [REIPlugin START] Reloading Section: "pre-register/DefaultRuntimePlugin of DefaultRuntimePlugin [roughlyenoughitems]/" done in 7.000 μs
[18:51:19] [main/TRACE] [REI] [REIPlugin START] Reloading Section: "pre-register/" done in 10.59 ms
[18:51:19] [main/TRACE] [REI] [REIPlugin START] Reloading Section: "pre-stage/"
[18:51:19] [main/TRACE] [REI] [REIPlugin START] Reloading Section: "pre-stage/EntryTypeRegistryImpl/"
[18:51:19] [main/TRACE] [REI] [REIPlugin START] Reloading Section: "pre-stage/EntryTypeRegistryImpl/" done in 107.7 μs
[18:51:19] [main/TRACE] [REI] [REIPlugin START] Reloading Section: "pre-stage/EntrySettingsAdapterRegistryImpl/"
[18:51:19] [main/TRACE] [REI] [REIPlugin START] Reloading Section: "pre-stage/EntrySettingsAdapterRegistryImpl/" done in 9.700 μs
[18:51:19] [main/TRACE] [REI] [REIPlugin START] Reloading Section: "pre-stage/RecipeManagerContextImpl/"
[18:51:19] [main/TRACE] [REI] [REIPlugin START] Reloading Section: "pre-stage/RecipeManagerContextImpl/" done in 6.900 μs
[18:51:19] [main/TRACE] [REI] [REIPlugin START] Reloading Section: "pre-stage/ItemComparatorRegistryImpl/"
[18:51:19] [main/TRACE] [REI] [REIPlugin START] Reloading Section: "pre-stage/ItemComparatorRegistryImpl/" done in 5.900 μs
[18:51:19] [main/TRACE] [REI] [REIPlugin START] Reloading Section: "pre-stage/FluidComparatorRegistryImpl/"
[18:51:19] [main/TRACE] [REI] [REIPlugin START] Reloading Section: "pre-stage/FluidComparatorRegistryImpl/" done in 5.800 μs
[18:51:19] [main/TRACE] [REI] [REIPlugin START] Reloading Section: "pre-stage/DisplaySerializerRegistryImpl/"
[18:51:19] [main/TRACE] [REI] [REIPlugin START] Reloading Section: "pre-stage/DisplaySerializerRegistryImpl/" done in 5.700 μs
[18:51:19] [main/TRACE] [REI] [REIPlugin START] Reloading Section: "pre-stage/FluidSupportProviderImpl/"
[18:51:19] [main/TRACE] [REI] [REIPlugin START] Reloading Section: "pre-stage/FluidSupportProviderImpl/" done in 5.700 μs
[18:51:19] [main/TRACE] [REI] [REIPlugin START] Reloading Section: "pre-stage/" done in 343.4 μs
[18:51:19] [main/DEBUG] [REI] ========================================
[18:51:19] [main/DEBUG] [REI] REIPlugin finished pre-reload for START in 11.27 ms.
[18:51:19] [main/DEBUG] [REI] ========================================
[18:51:19] [main/DEBUG] [REI] ========================================
[18:51:19] [main/DEBUG] [REI] REIServerPlugin starting pre-reload for START.
[18:51:19] [main/DEBUG] [REI] Reloadables (2):
[18:51:19] [main/DEBUG] [REI]  - MenuInfoRegistryImpl
[18:51:19] [main/DEBUG] [REI]  - SlotAccessorRegistryImpl
[18:51:19] [main/DEBUG] [REI] Plugins (6):
[18:51:19] [main/DEBUG] [REI]  - (-100,00) DefaultPlugin of DefaultPlugin [roughlyenoughitems]
[18:51:19] [main/DEBUG] [REI]  - (0,00) FabricFluidAPISupportPlugin
[18:51:19] [main/DEBUG] [REI]  - (0,00) REIServerCompat of REIServerCompat [sophisticatedstorage]
[18:51:19] [main/DEBUG] [REI]  - (0,00) REIServerCompat of REIServerCompat [sophisticatedcore]
[18:51:19] [main/DEBUG] [REI]  - (0,00) REIServerCompat of REIServerCompat [sophisticatedbackpacks]
[18:51:19] [main/DEBUG] [REI]  - (0,00) DefaultRuntimePlugin of DefaultRuntimePlugin [roughlyenoughitems]
[18:51:19] [main/DEBUG] [REI] ========================================
[18:51:19] [main/TRACE] [REI] [REIServerPlugin START] Reloading Section: "pre-register/"
[18:51:19] [main/TRACE] [REI] [REIServerPlugin START] Reloading Section: "pre-register/DefaultPlugin of DefaultPlugin [roughlyenoughitems]/"
[18:51:19] [main/TRACE] [REI] [REIServerPlugin START] Reloading Section: "pre-register/DefaultPlugin of DefaultPlugin [roughlyenoughitems]/" done in 13.60 μs
[18:51:19] [main/TRACE] [REI] [REIServerPlugin START] Reloading Section: "pre-register/FabricFluidAPISupportPlugin/"
[18:51:19] [main/TRACE] [REI] [REIServerPlugin START] Reloading Section: "pre-register/FabricFluidAPISupportPlugin/" done in 11.00 μs
[18:51:19] [main/TRACE] [REI] [REIServerPlugin START] Reloading Section: "pre-register/REIServerCompat of REIServerCompat [sophisticatedstorage]/"
[18:51:19] [main/TRACE] [REI] [REIServerPlugin START] Reloading Section: "pre-register/REIServerCompat of REIServerCompat [sophisticatedstorage]/" done in 15.70 μs
[18:51:19] [main/TRACE] [REI] [REIServerPlugin START] Reloading Section: "pre-register/REIServerCompat of REIServerCompat [sophisticatedcore]/"
[18:51:19] [main/TRACE] [REI] [REIServerPlugin START] Reloading Section: "pre-register/REIServerCompat of REIServerCompat [sophisticatedcore]/" done in 7.400 μs
[18:51:19] [main/TRACE] [REI] [REIServerPlugin START] Reloading Section: "pre-register/REIServerCompat of REIServerCompat [sophisticatedbackpacks]/"
[18:51:19] [main/TRACE] [REI] [REIServerPlugin START] Reloading Section: "pre-register/REIServerCompat of REIServerCompat [sophisticatedbackpacks]/" done in 6.800 μs
[18:51:19] [main/TRACE] [REI] [REIServerPlugin START] Reloading Section: "pre-register/DefaultRuntimePlugin of DefaultRuntimePlugin [roughlyenoughitems]/"
[18:51:19] [main/TRACE] [REI] [REIServerPlugin START] Reloading Section: "pre-register/DefaultRuntimePlugin of DefaultRuntimePlugin [roughlyenoughitems]/" done in 6.400 μs
[18:51:19] [main/TRACE] [REI] [REIServerPlugin START] Reloading Section: "pre-register/" done in 170.6 μs
[18:51:19] [main/TRACE] [REI] [REIServerPlugin START] Reloading Section: "pre-stage/"
[18:51:19] [main/TRACE] [REI] [REIServerPlugin START] Reloading Section: "pre-stage/MenuInfoRegistryImpl/"
[18:51:19] [main/TRACE] [REI] [REIServerPlugin START] Reloading Section: "pre-stage/MenuInfoRegistryImpl/" done in 7.100 μs
[18:51:19] [main/TRACE] [REI] [REIServerPlugin START] Reloading Section: "pre-stage/SlotAccessorRegistryImpl/"
[18:51:19] [main/TRACE] [REI] [REIServerPlugin START] Reloading Section: "pre-stage/SlotAccessorRegistryImpl/" done in 6.200 μs
[18:51:19] [main/TRACE] [REI] [REIServerPlugin START] Reloading Section: "pre-stage/" done in 98.40 μs
[18:51:19] [main/DEBUG] [REI] ========================================
[18:51:19] [main/DEBUG] [REI] REIServerPlugin finished pre-reload for START in 307.9 μs.
[18:51:19] [main/DEBUG] [REI] ========================================
[18:51:19] [main/INFO] [REI] ----------------------------------------
[18:51:19] [main/INFO] [REI] REIPlugin starting main-reload for START.
[18:51:19] [main/DEBUG] [REI] Reloadables (7):
[18:51:19] [main/DEBUG] [REI]  - EntryTypeRegistryImpl
[18:51:19] [main/DEBUG] [REI]  - EntrySettingsAdapterRegistryImpl
[18:51:19] [main/DEBUG] [REI]  - RecipeManagerContextImpl
[18:51:19] [main/DEBUG] [REI]  - ItemComparatorRegistryImpl
[18:51:19] [main/DEBUG] [REI]  - FluidComparatorRegistryImpl
[18:51:19] [main/DEBUG] [REI]  - DisplaySerializerRegistryImpl
[18:51:19] [main/DEBUG] [REI]  - FluidSupportProviderImpl
[18:51:19] [main/INFO] [REI] Plugins (6):
[18:51:19] [main/INFO] [REI]  - (-100,00) DefaultPlugin of DefaultPlugin [roughlyenoughitems]
[18:51:19] [main/INFO] [REI]  - (0,00) FabricFluidAPISupportPlugin
[18:51:19] [main/INFO] [REI]  - (0,00) REIServerCompat of REIServerCompat [sophisticatedstorage]
[18:51:19] [main/INFO] [REI]  - (0,00) REIServerCompat of REIServerCompat [sophisticatedcore]
[18:51:19] [main/INFO] [REI]  - (0,00) REIServerCompat of REIServerCompat [sophisticatedbackpacks]
[18:51:19] [main/INFO] [REI]  - (0,00) DefaultRuntimePlugin of DefaultRuntimePlugin [roughlyenoughitems]
[18:51:19] [main/INFO] [REI] ----------------------------------------
[18:51:19] [main/TRACE] [REI] [REIPlugin START] Reloading Section: "start-reload/"
[18:51:19] [main/TRACE] [REI] [REIPlugin START] Reloading Section: "start-reload/EntryTypeRegistryImpl/"
[18:51:19] [main/TRACE] [REI] [REIPlugin START] Reloading Section: "start-reload/EntryTypeRegistryImpl/" done in 29.30 μs
[18:51:19] [main/TRACE] [REI] [REIPlugin START] Reloading Section: "start-reload/EntrySettingsAdapterRegistryImpl/"
[18:51:19] [main/TRACE] [REI] [REIPlugin START] Reloading Section: "start-reload/EntrySettingsAdapterRegistryImpl/" done in 8.400 μs
[18:51:19] [main/TRACE] [REI] [REIPlugin START] Reloading Section: "start-reload/RecipeManagerContextImpl/"
[18:51:19] [main/TRACE] [REI] [REIPlugin START] Reloading Section: "start-reload/RecipeManagerContextImpl/" done in 5.600 μs
[18:51:19] [main/TRACE] [REI] [REIPlugin START] Reloading Section: "start-reload/ItemComparatorRegistryImpl/"
[18:51:19] [main/TRACE] [REI] [REIPlugin START] Reloading Section: "start-reload/ItemComparatorRegistryImpl/" done in 45.30 μs
[18:51:19] [main/TRACE] [REI] [REIPlugin START] Reloading Section: "start-reload/FluidComparatorRegistryImpl/"
[18:51:19] [main/TRACE] [REI] [REIPlugin START] Reloading Section: "start-reload/FluidComparatorRegistryImpl/" done in 43.20 μs
[18:51:19] [main/TRACE] [REI] [REIPlugin START] Reloading Section: "start-reload/DisplaySerializerRegistryImpl/"
[18:51:19] [main/TRACE] [REI] [REIPlugin START] Reloading Section: "start-reload/DisplaySerializerRegistryImpl/" done in 40.40 μs
[18:51:19] [main/TRACE] [REI] [REIPlugin START] Reloading Section: "start-reload/FluidSupportProviderImpl/"
[18:51:19] [main/TRACE] [REI] [REIPlugin START] Reloading Section: "start-reload/FluidSupportProviderImpl/" done in 13.60 μs
[18:51:19] [main/TRACE] [REI] [REIPlugin START] Reloading Section: "start-reload/" done in 412.6 μs
[18:51:19] [main/DEBUG] [REI] ========================================
[18:51:19] [main/DEBUG] [REI] REIPlugin started main-reload for START.
[18:51:19] [main/DEBUG] [REI] ========================================
[18:51:19] [main/TRACE] [REI] [REIPlugin START] Reloading Section: "reloadable-plugin/EntryTypeRegistryImpl/"
[18:51:19] [main/TRACE] [REI] [REIPlugin START] Reloading Section: "reloadable-plugin/EntryTypeRegistryImpl/DefaultPlugin of DefaultPlugin [roughlyenoughitems]/"
[18:51:19] [main/TRACE] [REI] [REIPlugin START] Reloading Section: "reloadable-plugin/EntryTypeRegistryImpl/DefaultPlugin of DefaultPlugin [roughlyenoughitems]/" done in 289.0 μs
[18:51:19] [main/TRACE] [REI] [REIPlugin START] Reloading Section: "reloadable-plugin/EntryTypeRegistryImpl/FabricFluidAPISupportPlugin/"
[18:51:19] [main/TRACE] [REI] [REIPlugin START] Reloading Section: "reloadable-plugin/EntryTypeRegistryImpl/FabricFluidAPISupportPlugin/" done in 16.40 μs
[18:51:19] [main/TRACE] [REI] [REIPlugin START] Reloading Section: "reloadable-plugin/EntryTypeRegistryImpl/REIServerCompat of REIServerCompat [sophisticatedstorage]/"
[18:51:19] [main/TRACE] [REI] [REIPlugin START] Reloading Section: "reloadable-plugin/EntryTypeRegistryImpl/REIServerCompat of REIServerCompat [sophisticatedstorage]/" done in 10.20 μs
[18:51:19] [main/TRACE] [REI] [REIPlugin START] Reloading Section: "reloadable-plugin/EntryTypeRegistryImpl/REIServerCompat of REIServerCompat [sophisticatedcore]/"
[18:51:19] [main/TRACE] [REI] [REIPlugin START] Reloading Section: "reloadable-plugin/EntryTypeRegistryImpl/REIServerCompat of REIServerCompat [sophisticatedcore]/" done in 7.000 μs
[18:51:19] [main/TRACE] [REI] [REIPlugin START] Reloading Section: "reloadable-plugin/EntryTypeRegistryImpl/REIServerCompat of REIServerCompat [sophisticatedbackpacks]/"
[18:51:19] [main/TRACE] [REI] [REIPlugin START] Reloading Section: "reloadable-plugin/EntryTypeRegistryImpl/REIServerCompat of REIServerCompat [sophisticatedbackpacks]/" done in 8.100 μs
[18:51:19] [main/TRACE] [REI] [REIPlugin START] Reloading Section: "reloadable-plugin/EntryTypeRegistryImpl/DefaultRuntimePlugin of DefaultRuntimePlugin [roughlyenoughitems]/"
[18:51:19] [main/TRACE] [REI] [REIPlugin START] Reloading Section: "reloadable-plugin/EntryTypeRegistryImpl/DefaultRuntimePlugin of DefaultRuntimePlugin [roughlyenoughitems]/" done in 5.813 ms
[18:51:19] [main/TRACE] [REI] [REIPlugin START] Reloading Section: "reloadable-plugin/EntryTypeRegistryImpl/" done in 6.820 ms
[18:51:19] [main/TRACE] [REI] [REIPlugin START] Reloading Section: "reloadable-plugin/EntrySettingsAdapterRegistryImpl/"
[18:51:19] [main/TRACE] [REI] [REIPlugin START] Reloading Section: "reloadable-plugin/EntrySettingsAdapterRegistryImpl/DefaultPlugin of DefaultPlugin [roughlyenoughitems]/"
[18:51:19] [main/TRACE] [REI] [REIPlugin START] Reloading Section: "reloadable-plugin/EntrySettingsAdapterRegistryImpl/DefaultPlugin of DefaultPlugin [roughlyenoughitems]/" done in 28.00 μs
[18:51:19] [main/TRACE] [REI] [REIPlugin START] Reloading Section: "reloadable-plugin/EntrySettingsAdapterRegistryImpl/FabricFluidAPISupportPlugin/"
[18:51:19] [main/TRACE] [REI] [REIPlugin START] Reloading Section: "reloadable-plugin/EntrySettingsAdapterRegistryImpl/FabricFluidAPISupportPlugin/" done in 20.30 μs
[18:51:19] [main/TRACE] [REI] [REIPlugin START] Reloading Section: "reloadable-plugin/EntrySettingsAdapterRegistryImpl/REIServerCompat of REIServerCompat [sophisticatedstorage]/"
[18:51:19] [main/TRACE] [REI] [REIPlugin START] Reloading Section: "reloadable-plugin/EntrySettingsAdapterRegistryImpl/REIServerCompat of REIServerCompat [sophisticatedstorage]/" done in 20.20 μs
[18:51:19] [main/TRACE] [REI] [REIPlugin START] Reloading Section: "reloadable-plugin/EntrySettingsAdapterRegistryImpl/REIServerCompat of REIServerCompat [sophisticatedcore]/"
[18:51:19] [main/TRACE] [REI] [REIPlugin START] Reloading Section: "reloadable-plugin/EntrySettingsAdapterRegistryImpl/REIServerCompat of REIServerCompat [sophisticatedcore]/" done in 19.10 μs
[18:51:19] [main/TRACE] [REI] [REIPlugin START] Reloading Section: "reloadable-plugin/EntrySettingsAdapterRegistryImpl/REIServerCompat of REIServerCompat [sophisticatedbackpacks]/"
[18:51:19] [main/TRACE] [REI] [REIPlugin START] Reloading Section: "reloadable-plugin/EntrySettingsAdapterRegistryImpl/REIServerCompat of REIServerCompat [sophisticatedbackpacks]/" done in 18.40 μs
[18:51:19] [main/TRACE] [REI] [REIPlugin START] Reloading Section: "reloadable-plugin/EntrySettingsAdapterRegistryImpl/DefaultRuntimePlugin of DefaultRuntimePlugin [roughlyenoughitems]/"
[18:51:19] [main/TRACE] [REI] [REIPlugin START] Reloading Section: "reloadable-plugin/EntrySettingsAdapterRegistryImpl/DefaultRuntimePlugin of DefaultRuntimePlugin [roughlyenoughitems]/" done in 19.10 μs
[18:51:19] [main/TRACE] [REI] [REIPlugin START] Reloading Section: "reloadable-plugin/EntrySettingsAdapterRegistryImpl/" done in 381.3 μs
[18:51:19] [main/TRACE] [REI] [REIPlugin START] Reloading Section: "reloadable-plugin/RecipeManagerContextImpl/"
[18:51:19] [main/TRACE] [REI] [REIPlugin START] Reloading Section: "reloadable-plugin/RecipeManagerContextImpl/DefaultPlugin of DefaultPlugin [roughlyenoughitems]/"
[18:51:19] [main/TRACE] [REI] [REIPlugin START] Reloading Section: "reloadable-plugin/RecipeManagerContextImpl/DefaultPlugin of DefaultPlugin [roughlyenoughitems]/" done in 21.10 μs
[18:51:19] [main/TRACE] [REI] [REIPlugin START] Reloading Section: "reloadable-plugin/RecipeManagerContextImpl/FabricFluidAPISupportPlugin/"
[18:51:19] [main/TRACE] [REI] [REIPlugin START] Reloading Section: "reloadable-plugin/RecipeManagerContextImpl/FabricFluidAPISupportPlugin/" done in 18.20 μs
[18:51:19] [main/TRACE] [REI] [REIPlugin START] Reloading Section: "reloadable-plugin/RecipeManagerContextImpl/REIServerCompat of REIServerCompat [sophisticatedstorage]/"
[18:51:19] [main/TRACE] [REI] [REIPlugin START] Reloading Section: "reloadable-plugin/RecipeManagerContextImpl/REIServerCompat of REIServerCompat [sophisticatedstorage]/" done in 18.70 μs
[18:51:19] [main/TRACE] [REI] [REIPlugin START] Reloading Section: "reloadable-plugin/RecipeManagerContextImpl/REIServerCompat of REIServerCompat [sophisticatedcore]/"
[18:51:19] [main/TRACE] [REI] [REIPlugin START] Reloading Section: "reloadable-plugin/RecipeManagerContextImpl/REIServerCompat of REIServerCompat [sophisticatedcore]/" done in 25.20 μs
[18:51:19] [main/TRACE] [REI] [REIPlugin START] Reloading Section: "reloadable-plugin/RecipeManagerContextImpl/REIServerCompat of REIServerCompat [sophisticatedbackpacks]/"
[18:51:19] [main/TRACE] [REI] [REIPlugin START] Reloading Section: "reloadable-plugin/RecipeManagerContextImpl/REIServerCompat of REIServerCompat [sophisticatedbackpacks]/" done in 21.50 μs
[18:51:19] [main/TRACE] [REI] [REIPlugin START] Reloading Section: "reloadable-plugin/RecipeManagerContextImpl/DefaultRuntimePlugin of DefaultRuntimePlugin [roughlyenoughitems]/"
[18:51:19] [main/TRACE] [REI] [REIPlugin START] Reloading Section: "reloadable-plugin/RecipeManagerContextImpl/DefaultRuntimePlugin of DefaultRuntimePlugin [roughlyenoughitems]/" done in 171.0 μs
[18:51:19] [main/TRACE] [REI] [REIPlugin START] Reloading Section: "reloadable-plugin/RecipeManagerContextImpl/" done in 614.2 μs
[18:51:19] [main/TRACE] [REI] [REIPlugin START] Reloading Section: "reloadable-plugin/ItemComparatorRegistryImpl/"
[18:51:19] [main/TRACE] [REI] [REIPlugin START] Reloading Section: "reloadable-plugin/ItemComparatorRegistryImpl/DefaultPlugin of DefaultPlugin [roughlyenoughitems]/"
[18:51:19] [main/TRACE] [REI] [REIPlugin START] Reloading Section: "reloadable-plugin/ItemComparatorRegistryImpl/DefaultPlugin of DefaultPlugin [roughlyenoughitems]/" done in 453.1 μs
[18:51:19] [main/TRACE] [REI] [REIPlugin START] Reloading Section: "reloadable-plugin/ItemComparatorRegistryImpl/FabricFluidAPISupportPlugin/"
[18:51:19] [main/TRACE] [REI] [REIPlugin START] Reloading Section: "reloadable-plugin/ItemComparatorRegistryImpl/FabricFluidAPISupportPlugin/" done in 18.80 μs
[18:51:19] [main/TRACE] [REI] [REIPlugin START] Reloading Section: "reloadable-plugin/ItemComparatorRegistryImpl/REIServerCompat of REIServerCompat [sophisticatedstorage]/"
[18:51:19] [main/TRACE] [REI] [REIPlugin START] Reloading Section: "reloadable-plugin/ItemComparatorRegistryImpl/REIServerCompat of REIServerCompat [sophisticatedstorage]/" done in 392.6 μs
[18:51:19] [main/TRACE] [REI] [REIPlugin START] Reloading Section: "reloadable-plugin/ItemComparatorRegistryImpl/REIServerCompat of REIServerCompat [sophisticatedcore]/"
[18:51:19] [main/TRACE] [REI] [REIPlugin START] Reloading Section: "reloadable-plugin/ItemComparatorRegistryImpl/REIServerCompat of REIServerCompat [sophisticatedcore]/" done in 17.30 μs
[18:51:19] [main/TRACE] [REI] [REIPlugin START] Reloading Section: "reloadable-plugin/ItemComparatorRegistryImpl/REIServerCompat of REIServerCompat [sophisticatedbackpacks]/"
[18:51:19] [main/TRACE] [REI] [REIPlugin START] Reloading Section: "reloadable-plugin/ItemComparatorRegistryImpl/REIServerCompat of REIServerCompat [sophisticatedbackpacks]/" done in 195.6 μs
[18:51:19] [main/TRACE] [REI] [REIPlugin START] Reloading Section: "reloadable-plugin/ItemComparatorRegistryImpl/DefaultRuntimePlugin of DefaultRuntimePlugin [roughlyenoughitems]/"
[18:51:19] [main/TRACE] [REI] [REIPlugin START] Reloading Section: "reloadable-plugin/ItemComparatorRegistryImpl/DefaultRuntimePlugin of DefaultRuntimePlugin [roughlyenoughitems]/" done in 17.90 μs
[18:51:19] [main/TRACE] [REI] [REIPlugin START] Reloading Section: "reloadable-plugin/ItemComparatorRegistryImpl/" done in 1.424 ms
[18:51:19] [main/TRACE] [REI] [REIPlugin START] Reloading Section: "reloadable-plugin/FluidComparatorRegistryImpl/"
[18:51:19] [main/TRACE] [REI] [REIPlugin START] Reloading Section: "reloadable-plugin/FluidComparatorRegistryImpl/DefaultPlugin of DefaultPlugin [roughlyenoughitems]/"
[18:51:19] [main/TRACE] [REI] [REIPlugin START] Reloading Section: "reloadable-plugin/FluidComparatorRegistryImpl/DefaultPlugin of DefaultPlugin [roughlyenoughitems]/" done in 14.50 μs
[18:51:19] [main/TRACE] [REI] [REIPlugin START] Reloading Section: "reloadable-plugin/FluidComparatorRegistryImpl/FabricFluidAPISupportPlugin/"
[18:51:19] [main/TRACE] [REI] [REIPlugin START] Reloading Section: "reloadable-plugin/FluidComparatorRegistryImpl/FabricFluidAPISupportPlugin/" done in 10.20 μs
[18:51:19] [main/TRACE] [REI] [REIPlugin START] Reloading Section: "reloadable-plugin/FluidComparatorRegistryImpl/REIServerCompat of REIServerCompat [sophisticatedstorage]/"
[18:51:19] [main/TRACE] [REI] [REIPlugin START] Reloading Section: "reloadable-plugin/FluidComparatorRegistryImpl/REIServerCompat of REIServerCompat [sophisticatedstorage]/" done in 14.20 μs
[18:51:19] [main/TRACE] [REI] [REIPlugin START] Reloading Section: "reloadable-plugin/FluidComparatorRegistryImpl/REIServerCompat of REIServerCompat [sophisticatedcore]/"
[18:51:19] [main/TRACE] [REI] [REIPlugin START] Reloading Section: "reloadable-plugin/FluidComparatorRegistryImpl/REIServerCompat of REIServerCompat [sophisticatedcore]/" done in 10.20 μs
[18:51:19] [main/TRACE] [REI] [REIPlugin START] Reloading Section: "reloadable-plugin/FluidComparatorRegistryImpl/REIServerCompat of REIServerCompat [sophisticatedbackpacks]/"
[18:51:19] [main/TRACE] [REI] [REIPlugin START] Reloading Section: "reloadable-plugin/FluidComparatorRegistryImpl/REIServerCompat of REIServerCompat [sophisticatedbackpacks]/" done in 10.10 μs
[18:51:19] [main/TRACE] [REI] [REIPlugin START] Reloading Section: "reloadable-plugin/FluidComparatorRegistryImpl/DefaultRuntimePlugin of DefaultRuntimePlugin [roughlyenoughitems]/"
[18:51:19] [main/TRACE] [REI] [REIPlugin START] Reloading Section: "reloadable-plugin/FluidComparatorRegistryImpl/DefaultRuntimePlugin of DefaultRuntimePlugin [roughlyenoughitems]/" done in 10.30 μs
[18:51:19] [main/TRACE] [REI] [REIPlugin START] Reloading Section: "reloadable-plugin/FluidComparatorRegistryImpl/" done in 213.0 μs
[18:51:19] [main/TRACE] [REI] [REIPlugin START] Reloading Section: "reloadable-plugin/DisplaySerializerRegistryImpl/"
[18:51:19] [main/TRACE] [REI] [REIPlugin START] Reloading Section: "reloadable-plugin/DisplaySerializerRegistryImpl/DefaultPlugin of DefaultPlugin [roughlyenoughitems]/"
[18:51:19] [main/TRACE] [REI] [REIPlugin START] Reloading Section: "reloadable-plugin/DisplaySerializerRegistryImpl/DefaultPlugin of DefaultPlugin [roughlyenoughitems]/" done in 10.40 μs
[18:51:19] [main/TRACE] [REI] [REIPlugin START] Reloading Section: "reloadable-plugin/DisplaySerializerRegistryImpl/FabricFluidAPISupportPlugin/"
[18:51:19] [main/TRACE] [REI] [REIPlugin START] Reloading Section: "reloadable-plugin/DisplaySerializerRegistryImpl/FabricFluidAPISupportPlugin/" done in 9.800 μs
[18:51:19] [main/TRACE] [REI] [REIPlugin START] Reloading Section: "reloadable-plugin/DisplaySerializerRegistryImpl/REIServerCompat of REIServerCompat [sophisticatedstorage]/"
[18:51:19] [main/TRACE] [REI] [REIPlugin START] Reloading Section: "reloadable-plugin/DisplaySerializerRegistryImpl/REIServerCompat of REIServerCompat [sophisticatedstorage]/" done in 9.700 μs
[18:51:19] [main/TRACE] [REI] [REIPlugin START] Reloading Section: "reloadable-plugin/DisplaySerializerRegistryImpl/REIServerCompat of REIServerCompat [sophisticatedcore]/"
[18:51:19] [main/TRACE] [REI] [REIPlugin START] Reloading Section: "reloadable-plugin/DisplaySerializerRegistryImpl/REIServerCompat of REIServerCompat [sophisticatedcore]/" done in 10.70 μs
[18:51:19] [main/TRACE] [REI] [REIPlugin START] Reloading Section: "reloadable-plugin/DisplaySerializerRegistryImpl/REIServerCompat of REIServerCompat [sophisticatedbackpacks]/"
[18:51:19] [main/TRACE] [REI] [REIPlugin START] Reloading Section: "reloadable-plugin/DisplaySerializerRegistryImpl/REIServerCompat of REIServerCompat [sophisticatedbackpacks]/" done in 9.400 μs
[18:51:19] [main/TRACE] [REI] [REIPlugin START] Reloading Section: "reloadable-plugin/DisplaySerializerRegistryImpl/DefaultRuntimePlugin of DefaultRuntimePlugin [roughlyenoughitems]/"
[18:51:19] [main/TRACE] [REI] [REIPlugin START] Reloading Section: "reloadable-plugin/DisplaySerializerRegistryImpl/DefaultRuntimePlugin of DefaultRuntimePlugin [roughlyenoughitems]/" done in 10.30 μs
[18:51:19] [main/TRACE] [REI] [REIPlugin START] Reloading Section: "reloadable-plugin/DisplaySerializerRegistryImpl/" done in 180.5 μs
[18:51:19] [main/TRACE] [REI] [REIPlugin START] Reloading Section: "reloadable-plugin/FluidSupportProviderImpl/"
[18:51:19] [main/TRACE] [REI] [REIPlugin START] Reloading Section: "reloadable-plugin/FluidSupportProviderImpl/DefaultPlugin of DefaultPlugin [roughlyenoughitems]/"
[18:51:19] [main/TRACE] [REI] [REIPlugin START] Reloading Section: "reloadable-plugin/FluidSupportProviderImpl/DefaultPlugin of DefaultPlugin [roughlyenoughitems]/" done in 396.6 μs
[18:51:19] [main/TRACE] [REI] [REIPlugin START] Reloading Section: "reloadable-plugin/FluidSupportProviderImpl/FabricFluidAPISupportPlugin/"
[18:51:19] [main/TRACE] [REI] [REIPlugin START] Reloading Section: "reloadable-plugin/FluidSupportProviderImpl/FabricFluidAPISupportPlugin/" done in 107.2 μs
[18:51:19] [main/TRACE] [REI] [REIPlugin START] Reloading Section: "reloadable-plugin/FluidSupportProviderImpl/REIServerCompat of REIServerCompat [sophisticatedstorage]/"
[18:51:19] [main/TRACE] [REI] [REIPlugin START] Reloading Section: "reloadable-plugin/FluidSupportProviderImpl/REIServerCompat of REIServerCompat [sophisticatedstorage]/" done in 63.80 μs
[18:51:19] [main/TRACE] [REI] [REIPlugin START] Reloading Section: "reloadable-plugin/FluidSupportProviderImpl/REIServerCompat of REIServerCompat [sophisticatedcore]/"
[18:51:19] [main/TRACE] [REI] [REIPlugin START] Reloading Section: "reloadable-plugin/FluidSupportProviderImpl/REIServerCompat of REIServerCompat [sophisticatedcore]/" done in 7.100 μs
[18:51:19] [main/TRACE] [REI] [REIPlugin START] Reloading Section: "reloadable-plugin/FluidSupportProviderImpl/REIServerCompat of REIServerCompat [sophisticatedbackpacks]/"
[18:51:19] [main/TRACE] [REI] [REIPlugin START] Reloading Section: "reloadable-plugin/FluidSupportProviderImpl/REIServerCompat of REIServerCompat [sophisticatedbackpacks]/" done in 6.300 μs
[18:51:19] [main/TRACE] [REI] [REIPlugin START] Reloading Section: "reloadable-plugin/FluidSupportProviderImpl/DefaultRuntimePlugin of DefaultRuntimePlugin [roughlyenoughitems]/"
[18:51:19] [main/TRACE] [REI] [REIPlugin START] Reloading Section: "reloadable-plugin/FluidSupportProviderImpl/DefaultRuntimePlugin of DefaultRuntimePlugin [roughlyenoughitems]/" done in 6.200 μs
[18:51:19] [main/TRACE] [REI] [REIPlugin START] Reloading Section: "reloadable-plugin/FluidSupportProviderImpl/" done in 741.7 μs
[18:51:19] [main/DEBUG] [REI] ========================================
[18:51:19] [main/DEBUG] [REI] REIPlugin ending main-reload for START.
[18:51:19] [main/DEBUG] [REI] ========================================
[18:51:19] [main/TRACE] [REI] [REIPlugin START] Reloading Section: "end-reload/"
[18:51:19] [main/TRACE] [REI] [REIPlugin START] Reloading Section: "end-reload/EntryTypeRegistryImpl/"
[18:51:19] [main/TRACE] [REI] [REIPlugin START] Reloading Section: "end-reload/EntryTypeRegistryImpl/" done in 21.30 μs
[18:51:19] [main/TRACE] [REI] [REIPlugin START] Reloading Section: "end-reload/EntrySettingsAdapterRegistryImpl/"
[18:51:19] [main/TRACE] [REI] [REIPlugin START] Reloading Section: "end-reload/EntrySettingsAdapterRegistryImpl/" done in 8.700 μs
[18:51:19] [main/TRACE] [REI] [REIPlugin START] Reloading Section: "end-reload/RecipeManagerContextImpl/"
[18:51:19] [main/TRACE] [REI] [REIPlugin START] Reloading Section: "end-reload/RecipeManagerContextImpl/" done in 7.000 μs
[18:51:19] [main/TRACE] [REI] [REIPlugin START] Reloading Section: "end-reload/ItemComparatorRegistryImpl/"
[18:51:19] [main/TRACE] [REI] [REIPlugin START] Reloading Section: "end-reload/ItemComparatorRegistryImpl/" done in 8.900 μs
[18:51:19] [main/TRACE] [REI] [REIPlugin START] Reloading Section: "end-reload/FluidComparatorRegistryImpl/"
[18:51:19] [main/TRACE] [REI] [REIPlugin START] Reloading Section: "end-reload/FluidComparatorRegistryImpl/" done in 7.000 μs
[18:51:19] [main/TRACE] [REI] [REIPlugin START] Reloading Section: "end-reload/DisplaySerializerRegistryImpl/"
[18:51:19] [main/TRACE] [REI] [REIPlugin START] Reloading Section: "end-reload/DisplaySerializerRegistryImpl/" done in 6.700 μs
[18:51:19] [main/TRACE] [REI] [REIPlugin START] Reloading Section: "end-reload/FluidSupportProviderImpl/"
[18:51:19] [main/TRACE] [REI] [REIPlugin START] Reloading Section: "end-reload/FluidSupportProviderImpl/" done in 37.70 μs
[18:51:19] [main/TRACE] [REI] [REIPlugin START] Reloading Section: "end-reload/" done in 461.3 μs
[18:51:19] [main/DEBUG] [REI] ========================================
[18:51:19] [main/DEBUG] [REI] REIPlugin ended main-reload for START in 13.83 ms.
[18:51:19] [main/DEBUG] [REI] ========================================
[18:51:19] [main/INFO] [REI] ****************************************
[18:51:19] [main/INFO] [REI] REIServerPlugin starting main-reload for START.
[18:51:19] [main/DEBUG] [REI] Reloadables (2):
[18:51:19] [main/DEBUG] [REI]  - MenuInfoRegistryImpl
[18:51:19] [main/DEBUG] [REI]  - SlotAccessorRegistryImpl
[18:51:19] [main/INFO] [REI] Plugins (6):
[18:51:19] [main/INFO] [REI]  - (-100,00) DefaultPlugin of DefaultPlugin [roughlyenoughitems]
[18:51:19] [main/INFO] [REI]  - (0,00) FabricFluidAPISupportPlugin
[18:51:19] [main/INFO] [REI]  - (0,00) REIServerCompat of REIServerCompat [sophisticatedstorage]
[18:51:19] [main/INFO] [REI]  - (0,00) REIServerCompat of REIServerCompat [sophisticatedcore]
[18:51:19] [main/INFO] [REI]  - (0,00) REIServerCompat of REIServerCompat [sophisticatedbackpacks]
[18:51:19] [main/INFO] [REI]  - (0,00) DefaultRuntimePlugin of DefaultRuntimePlugin [roughlyenoughitems]
[18:51:19] [main/INFO] [REI] ****************************************
[18:51:19] [main/TRACE] [REI] [REIServerPlugin START] Reloading Section: "start-reload/"
[18:51:19] [main/TRACE] [REI] [REIServerPlugin START] Reloading Section: "start-reload/MenuInfoRegistryImpl/"
[18:51:19] [main/TRACE] [REI] [REIServerPlugin START] Reloading Section: "start-reload/MenuInfoRegistryImpl/" done in 20.70 μs
[18:51:19] [main/TRACE] [REI] [REIServerPlugin START] Reloading Section: "start-reload/SlotAccessorRegistryImpl/"
[18:51:19] [main/TRACE] [REI] [REIServerPlugin START] Reloading Section: "start-reload/SlotAccessorRegistryImpl/" done in 11.00 μs
[18:51:19] [main/TRACE] [REI] [REIServerPlugin START] Reloading Section: "start-reload/" done in 252.8 μs
[18:51:19] [main/DEBUG] [REI] ========================================
[18:51:19] [main/DEBUG] [REI] REIServerPlugin started main-reload for START.
[18:51:19] [main/DEBUG] [REI] ========================================
[18:51:19] [main/TRACE] [REI] [REIServerPlugin START] Reloading Section: "reloadable-plugin/MenuInfoRegistryImpl/"
[18:51:19] [main/TRACE] [REI] [REIServerPlugin START] Reloading Section: "reloadable-plugin/MenuInfoRegistryImpl/DefaultPlugin of DefaultPlugin [roughlyenoughitems]/"
[18:51:19] [main/TRACE] [REI] [REIServerPlugin START] Reloading Section: "reloadable-plugin/MenuInfoRegistryImpl/DefaultPlugin of DefaultPlugin [roughlyenoughitems]/" done in 16.80 μs
[18:51:19] [main/TRACE] [REI] [REIServerPlugin START] Reloading Section: "reloadable-plugin/MenuInfoRegistryImpl/FabricFluidAPISupportPlugin/"
[18:51:19] [main/TRACE] [REI] [REIServerPlugin START] Reloading Section: "reloadable-plugin/MenuInfoRegistryImpl/FabricFluidAPISupportPlugin/" done in 7.800 μs
[18:51:19] [main/TRACE] [REI] [REIServerPlugin START] Reloading Section: "reloadable-plugin/MenuInfoRegistryImpl/REIServerCompat of REIServerCompat [sophisticatedstorage]/"
[18:51:19] [main/TRACE] [REI] [REIServerPlugin START] Reloading Section: "reloadable-plugin/MenuInfoRegistryImpl/REIServerCompat of REIServerCompat [sophisticatedstorage]/" done in 8.100 μs
[18:51:19] [main/TRACE] [REI] [REIServerPlugin START] Reloading Section: "reloadable-plugin/MenuInfoRegistryImpl/REIServerCompat of REIServerCompat [sophisticatedcore]/"
[18:51:19] [main/TRACE] [REI] [REIServerPlugin START] Reloading Section: "reloadable-plugin/MenuInfoRegistryImpl/REIServerCompat of REIServerCompat [sophisticatedcore]/" done in 7.100 μs
[18:51:19] [main/TRACE] [REI] [REIServerPlugin START] Reloading Section: "reloadable-plugin/MenuInfoRegistryImpl/REIServerCompat of REIServerCompat [sophisticatedbackpacks]/"
[18:51:19] [main/TRACE] [REI] [REIServerPlugin START] Reloading Section: "reloadable-plugin/MenuInfoRegistryImpl/REIServerCompat of REIServerCompat [sophisticatedbackpacks]/" done in 7.100 μs
[18:51:19] [main/TRACE] [REI] [REIServerPlugin START] Reloading Section: "reloadable-plugin/MenuInfoRegistryImpl/DefaultRuntimePlugin of DefaultRuntimePlugin [roughlyenoughitems]/"
[18:51:19] [main/TRACE] [REI] [REIServerPlugin START] Reloading Section: "reloadable-plugin/MenuInfoRegistryImpl/DefaultRuntimePlugin of DefaultRuntimePlugin [roughlyenoughitems]/" done in 22.40 μs
[18:51:19] [main/TRACE] [REI] [REIServerPlugin START] Reloading Section: "reloadable-plugin/MenuInfoRegistryImpl/" done in 187.1 μs
[18:51:19] [main/TRACE] [REI] [REIServerPlugin START] Reloading Section: "reloadable-plugin/SlotAccessorRegistryImpl/"
[18:51:19] [main/TRACE] [REI] [REIServerPlugin START] Reloading Section: "reloadable-plugin/SlotAccessorRegistryImpl/DefaultPlugin of DefaultPlugin [roughlyenoughitems]/"
[18:51:19] [main/TRACE] [REI] [REIServerPlugin START] Reloading Section: "reloadable-plugin/SlotAccessorRegistryImpl/DefaultPlugin of DefaultPlugin [roughlyenoughitems]/" done in 7.200 μs
[18:51:19] [main/TRACE] [REI] [REIServerPlugin START] Reloading Section: "reloadable-plugin/SlotAccessorRegistryImpl/FabricFluidAPISupportPlugin/"
[18:51:19] [main/TRACE] [REI] [REIServerPlugin START] Reloading Section: "reloadable-plugin/SlotAccessorRegistryImpl/FabricFluidAPISupportPlugin/" done in 6.800 μs
[18:51:19] [main/TRACE] [REI] [REIServerPlugin START] Reloading Section: "reloadable-plugin/SlotAccessorRegistryImpl/REIServerCompat of REIServerCompat [sophisticatedstorage]/"
[18:51:19] [main/TRACE] [REI] [REIServerPlugin START] Reloading Section: "reloadable-plugin/SlotAccessorRegistryImpl/REIServerCompat of REIServerCompat [sophisticatedstorage]/" done in 7.400 μs
[18:51:19] [main/TRACE] [REI] [REIServerPlugin START] Reloading Section: "reloadable-plugin/SlotAccessorRegistryImpl/REIServerCompat of REIServerCompat [sophisticatedcore]/"
[18:51:19] [main/TRACE] [REI] [REIServerPlugin START] Reloading Section: "reloadable-plugin/SlotAccessorRegistryImpl/REIServerCompat of REIServerCompat [sophisticatedcore]/" done in 9.500 μs
[18:51:19] [main/TRACE] [REI] [REIServerPlugin START] Reloading Section: "reloadable-plugin/SlotAccessorRegistryImpl/REIServerCompat of REIServerCompat [sophisticatedbackpacks]/"
[18:51:19] [main/TRACE] [REI] [REIServerPlugin START] Reloading Section: "reloadable-plugin/SlotAccessorRegistryImpl/REIServerCompat of REIServerCompat [sophisticatedbackpacks]/" done in 6.800 μs
[18:51:19] [main/TRACE] [REI] [REIServerPlugin START] Reloading Section: "reloadable-plugin/SlotAccessorRegistryImpl/DefaultRuntimePlugin of DefaultRuntimePlugin [roughlyenoughitems]/"
[18:51:19] [main/TRACE] [REI] [REIServerPlugin START] Reloading Section: "reloadable-plugin/SlotAccessorRegistryImpl/DefaultRuntimePlugin of DefaultRuntimePlugin [roughlyenoughitems]/" done in 6.500 μs
[18:51:19] [main/TRACE] [REI] [REIServerPlugin START] Reloading Section: "reloadable-plugin/SlotAccessorRegistryImpl/" done in 207.0 μs
[18:51:19] [main/DEBUG] [REI] ========================================
[18:51:19] [main/DEBUG] [REI] REIServerPlugin ending main-reload for START.
[18:51:19] [main/DEBUG] [REI] ========================================
[18:51:19] [main/TRACE] [REI] [REIServerPlugin START] Reloading Section: "end-reload/"
[18:51:19] [main/TRACE] [REI] [REIServerPlugin START] Reloading Section: "end-reload/MenuInfoRegistryImpl/"
[18:51:19] [main/TRACE] [REI] [REIServerPlugin START] Reloading Section: "end-reload/MenuInfoRegistryImpl/" done in 9.300 μs
[18:51:19] [main/TRACE] [REI] [REIServerPlugin START] Reloading Section: "end-reload/SlotAccessorRegistryImpl/"
[18:51:19] [main/TRACE] [REI] [REIServerPlugin START] Reloading Section: "end-reload/SlotAccessorRegistryImpl/" done in 6.200 μs
[18:51:19] [main/TRACE] [REI] [REIServerPlugin START] Reloading Section: "end-reload/" done in 48.20 μs
[18:51:19] [main/DEBUG] [REI] ========================================
[18:51:19] [main/DEBUG] [REI] REIServerPlugin ended main-reload for START in 2.424 ms.
[18:51:19] [main/DEBUG] [REI] ========================================
[18:51:19] [main/DEBUG] [REI] ========================================
[18:51:19] [main/DEBUG] [REI] REIPlugin starting post-reload for START.
[18:51:19] [main/DEBUG] [REI] Reloadables (7):
[18:51:19] [main/DEBUG] [REI]  - EntryTypeRegistryImpl
[18:51:19] [main/DEBUG] [REI]  - EntrySettingsAdapterRegistryImpl
[18:51:19] [main/DEBUG] [REI]  - RecipeManagerContextImpl
[18:51:19] [main/DEBUG] [REI]  - ItemComparatorRegistryImpl
[18:51:19] [main/DEBUG] [REI]  - FluidComparatorRegistryImpl
[18:51:19] [main/DEBUG] [REI]  - DisplaySerializerRegistryImpl
[18:51:19] [main/DEBUG] [REI]  - FluidSupportProviderImpl
[18:51:19] [main/DEBUG] [REI] Plugins (6):
[18:51:19] [main/DEBUG] [REI]  - (-100,00) DefaultPlugin of DefaultPlugin [roughlyenoughitems]
[18:51:19] [main/DEBUG] [REI]  - (0,00) FabricFluidAPISupportPlugin
[18:51:19] [main/DEBUG] [REI]  - (0,00) REIServerCompat of REIServerCompat [sophisticatedstorage]
[18:51:19] [main/DEBUG] [REI]  - (0,00) REIServerCompat of REIServerCompat [sophisticatedcore]
[18:51:19] [main/DEBUG] [REI]  - (0,00) REIServerCompat of REIServerCompat [sophisticatedbackpacks]
[18:51:19] [main/DEBUG] [REI]  - (0,00) DefaultRuntimePlugin of DefaultRuntimePlugin [roughlyenoughitems]
[18:51:19] [main/DEBUG] [REI] ========================================
[18:51:19] [main/TRACE] [REI] [REIPlugin START] Reloading Section: "post-register/"
[18:51:19] [main/TRACE] [REI] [REIPlugin START] Reloading Section: "post-register/DefaultPlugin of DefaultPlugin [roughlyenoughitems]/"
[18:51:19] [main/TRACE] [REI] [REIPlugin START] Reloading Section: "post-register/DefaultPlugin of DefaultPlugin [roughlyenoughitems]/" done in 62.90 μs
[18:51:19] [main/TRACE] [REI] [REIPlugin START] Reloading Section: "post-register/FabricFluidAPISupportPlugin/"
[18:51:19] [main/TRACE] [REI] [REIPlugin START] Reloading Section: "post-register/FabricFluidAPISupportPlugin/" done in 7.900 μs
[18:51:19] [main/TRACE] [REI] [REIPlugin START] Reloading Section: "post-register/REIServerCompat of REIServerCompat [sophisticatedstorage]/"
[18:51:19] [main/TRACE] [REI] [REIPlugin START] Reloading Section: "post-register/REIServerCompat of REIServerCompat [sophisticatedstorage]/" done in 5.900 μs
[18:51:19] [main/TRACE] [REI] [REIPlugin START] Reloading Section: "post-register/REIServerCompat of REIServerCompat [sophisticatedcore]/"
[18:51:19] [main/TRACE] [REI] [REIPlugin START] Reloading Section: "post-register/REIServerCompat of REIServerCompat [sophisticatedcore]/" done in 5.000 μs
[18:51:19] [main/TRACE] [REI] [REIPlugin START] Reloading Section: "post-register/REIServerCompat of REIServerCompat [sophisticatedbackpacks]/"
[18:51:19] [main/TRACE] [REI] [REIPlugin START] Reloading Section: "post-register/REIServerCompat of REIServerCompat [sophisticatedbackpacks]/" done in 4.900 μs
[18:51:19] [main/TRACE] [REI] [REIPlugin START] Reloading Section: "post-register/DefaultRuntimePlugin of DefaultRuntimePlugin [roughlyenoughitems]/"
[18:51:19] [main/TRACE] [REI] [REIPlugin START] Reloading Section: "post-register/DefaultRuntimePlugin of DefaultRuntimePlugin [roughlyenoughitems]/" done in 31.70 μs
[18:51:19] [main/TRACE] [REI] [REIPlugin START] Reloading Section: "post-register/" done in 319.9 μs
[18:51:19] [main/TRACE] [REI] [REIPlugin START] Reloading Section: "post-stage/"
[18:51:19] [main/TRACE] [REI] [REIPlugin START] Reloading Section: "post-stage/EntryTypeRegistryImpl/"
[18:51:19] [main/TRACE] [REI] [REIPlugin START] Reloading Section: "post-stage/EntryTypeRegistryImpl/" done in 13.10 μs
[18:51:19] [main/TRACE] [REI] [REIPlugin START] Reloading Section: "post-stage/EntrySettingsAdapterRegistryImpl/"
[18:51:19] [main/TRACE] [REI] [REIPlugin START] Reloading Section: "post-stage/EntrySettingsAdapterRegistryImpl/" done in 6.700 μs
[18:51:19] [main/TRACE] [REI] [REIPlugin START] Reloading Section: "post-stage/RecipeManagerContextImpl/"
[18:51:19] [main/TRACE] [REI] [REIPlugin START] Reloading Section: "post-stage/RecipeManagerContextImpl/" done in 5.800 μs
[18:51:19] [main/TRACE] [REI] [REIPlugin START] Reloading Section: "post-stage/ItemComparatorRegistryImpl/"
[18:51:19] [main/TRACE] [REI] [REIPlugin START] Reloading Section: "post-stage/ItemComparatorRegistryImpl/" done in 9.000 μs
[18:51:19] [main/TRACE] [REI] [REIPlugin START] Reloading Section: "post-stage/FluidComparatorRegistryImpl/"
[18:51:19] [main/TRACE] [REI] [REIPlugin START] Reloading Section: "post-stage/FluidComparatorRegistryImpl/" done in 8.700 μs
[18:51:19] [main/TRACE] [REI] [REIPlugin START] Reloading Section: "post-stage/DisplaySerializerRegistryImpl/"
[18:51:19] [main/TRACE] [REI] [REIPlugin START] Reloading Section: "post-stage/DisplaySerializerRegistryImpl/" done in 6.200 μs
[18:51:19] [main/TRACE] [REI] [REIPlugin START] Reloading Section: "post-stage/FluidSupportProviderImpl/"
[18:51:19] [main/TRACE] [REI] [REIPlugin START] Reloading Section: "post-stage/FluidSupportProviderImpl/" done in 15.90 μs
[18:51:19] [main/TRACE] [REI] [REIPlugin START] Reloading Section: "post-stage/" done in 243.0 μs
[18:51:19] [main/DEBUG] [REI] ========================================
[18:51:19] [main/INFO] [REI] REIPlugin finished post-reload for START in 588.4 μs, totaling 25.67 ms.
[18:51:19] [main/DEBUG] [REI] ========================================
[18:51:19] [main/DEBUG] [REI] ========================================
[18:51:19] [main/DEBUG] [REI] REIServerPlugin starting post-reload for START.
[18:51:19] [main/DEBUG] [REI] Reloadables (2):
[18:51:19] [main/DEBUG] [REI]  - MenuInfoRegistryImpl
[18:51:19] [main/DEBUG] [REI]  - SlotAccessorRegistryImpl
[18:51:19] [main/DEBUG] [REI] Plugins (6):
[18:51:19] [main/DEBUG] [REI]  - (-100,00) DefaultPlugin of DefaultPlugin [roughlyenoughitems]
[18:51:19] [main/DEBUG] [REI]  - (0,00) FabricFluidAPISupportPlugin
[18:51:19] [main/DEBUG] [REI]  - (0,00) REIServerCompat of REIServerCompat [sophisticatedstorage]
[18:51:19] [main/DEBUG] [REI]  - (0,00) REIServerCompat of REIServerCompat [sophisticatedcore]
[18:51:19] [main/DEBUG] [REI]  - (0,00) REIServerCompat of REIServerCompat [sophisticatedbackpacks]
[18:51:19] [main/DEBUG] [REI]  - (0,00) DefaultRuntimePlugin of DefaultRuntimePlugin [roughlyenoughitems]
[18:51:19] [main/DEBUG] [REI] ========================================
[18:51:19] [main/TRACE] [REI] [REIServerPlugin START] Reloading Section: "post-register/"
[18:51:19] [main/TRACE] [REI] [REIServerPlugin START] Reloading Section: "post-register/DefaultPlugin of DefaultPlugin [roughlyenoughitems]/"
[18:51:19] [main/TRACE] [REI] [REIServerPlugin START] Reloading Section: "post-register/DefaultPlugin of DefaultPlugin [roughlyenoughitems]/" done in 11.40 μs
[18:51:19] [main/TRACE] [REI] [REIServerPlugin START] Reloading Section: "post-register/FabricFluidAPISupportPlugin/"
[18:51:19] [main/TRACE] [REI] [REIServerPlugin START] Reloading Section: "post-register/FabricFluidAPISupportPlugin/" done in 6.400 μs
[18:51:19] [main/TRACE] [REI] [REIServerPlugin START] Reloading Section: "post-register/REIServerCompat of REIServerCompat [sophisticatedstorage]/"
[18:51:19] [main/TRACE] [REI] [REIServerPlugin START] Reloading Section: "post-register/REIServerCompat of REIServerCompat [sophisticatedstorage]/" done in 30.00 μs
[18:51:19] [main/TRACE] [REI] [REIServerPlugin START] Reloading Section: "post-register/REIServerCompat of REIServerCompat [sophisticatedcore]/"
[18:51:19] [main/TRACE] [REI] [REIServerPlugin START] Reloading Section: "post-register/REIServerCompat of REIServerCompat [sophisticatedcore]/" done in 8.700 μs
[18:51:19] [main/TRACE] [REI] [REIServerPlugin START] Reloading Section: "post-register/REIServerCompat of REIServerCompat [sophisticatedbackpacks]/"
[18:51:19] [main/TRACE] [REI] [REIServerPlugin START] Reloading Section: "post-register/REIServerCompat of REIServerCompat [sophisticatedbackpacks]/" done in 6.800 μs
[18:51:19] [main/TRACE] [REI] [REIServerPlugin START] Reloading Section: "post-register/DefaultRuntimePlugin of DefaultRuntimePlugin [roughlyenoughitems]/"
[18:51:19] [main/TRACE] [REI] [REIServerPlugin START] Reloading Section: "post-register/DefaultRuntimePlugin of DefaultRuntimePlugin [roughlyenoughitems]/" done in 6.700 μs
[18:51:19] [main/TRACE] [REI] [REIServerPlugin START] Reloading Section: "post-register/" done in 238.7 μs
[18:51:19] [main/TRACE] [REI] [REIServerPlugin START] Reloading Section: "post-stage/"
[18:51:19] [main/TRACE] [REI] [REIServerPlugin START] Reloading Section: "post-stage/MenuInfoRegistryImpl/"
[18:51:19] [main/TRACE] [REI] [REIServerPlugin START] Reloading Section: "post-stage/MenuInfoRegistryImpl/" done in 15.60 μs
[18:51:19] [main/TRACE] [REI] [REIServerPlugin START] Reloading Section: "post-stage/SlotAccessorRegistryImpl/"
[18:51:19] [main/TRACE] [REI] [REIServerPlugin START] Reloading Section: "post-stage/SlotAccessorRegistryImpl/" done in 4.300 μs
[18:51:19] [main/TRACE] [REI] [REIServerPlugin START] Reloading Section: "post-stage/" done in 55.80 μs
[18:51:19] [main/DEBUG] [REI] ========================================
[18:51:19] [main/INFO] [REI] REIServerPlugin finished post-reload for START in 311.6 μs, totaling 3.031 ms.
[18:51:19] [main/DEBUG] [REI] ========================================
[18:51:19] [main/DEBUG] [REI] ========================================
[18:51:19] [main/DEBUG] [REI] REIPlugin starting pre-reload for END.
[18:51:19] [main/DEBUG] [REI] Reloadables (7):
[18:51:19] [main/DEBUG] [REI]  - EntryTypeRegistryImpl
[18:51:19] [main/DEBUG] [REI]  - EntrySettingsAdapterRegistryImpl
[18:51:19] [main/DEBUG] [REI]  - RecipeManagerContextImpl
[18:51:19] [main/DEBUG] [REI]  - ItemComparatorRegistryImpl
[18:51:19] [main/DEBUG] [REI]  - FluidComparatorRegistryImpl
[18:51:19] [main/DEBUG] [REI]  - DisplaySerializerRegistryImpl
[18:51:19] [main/DEBUG] [REI]  - FluidSupportProviderImpl
[18:51:19] [main/DEBUG] [REI] Plugins (6):
[18:51:19] [main/DEBUG] [REI]  - (-100,00) DefaultPlugin of DefaultPlugin [roughlyenoughitems]
[18:51:19] [main/DEBUG] [REI]  - (0,00) FabricFluidAPISupportPlugin
[18:51:19] [main/DEBUG] [REI]  - (0,00) REIServerCompat of REIServerCompat [sophisticatedstorage]
[18:51:19] [main/DEBUG] [REI]  - (0,00) REIServerCompat of REIServerCompat [sophisticatedcore]
[18:51:19] [main/DEBUG] [REI]  - (0,00) REIServerCompat of REIServerCompat [sophisticatedbackpacks]
[18:51:19] [main/DEBUG] [REI]  - (0,00) DefaultRuntimePlugin of DefaultRuntimePlugin [roughlyenoughitems]
[18:51:19] [main/DEBUG] [REI] ========================================
[18:51:19] [main/TRACE] [REI] [REIPlugin END] Reloading Section: "pre-register/"
[18:51:19] [main/TRACE] [REI] [REIPlugin END] Reloading Section: "pre-register/DefaultPlugin of DefaultPlugin [roughlyenoughitems]/"
[18:51:19] [main/TRACE] [REI] [REIPlugin END] Reloading Section: "pre-register/DefaultPlugin of DefaultPlugin [roughlyenoughitems]/" done in 12.40 μs
[18:51:19] [main/TRACE] [REI] [REIPlugin END] Reloading Section: "pre-register/FabricFluidAPISupportPlugin/"
[18:51:19] [main/TRACE] [REI] [REIPlugin END] Reloading Section: "pre-register/FabricFluidAPISupportPlugin/" done in 11.70 μs
[18:51:19] [main/TRACE] [REI] [REIPlugin END] Reloading Section: "pre-register/REIServerCompat of REIServerCompat [sophisticatedstorage]/"
[18:51:19] [main/TRACE] [REI] [REIPlugin END] Reloading Section: "pre-register/REIServerCompat of REIServerCompat [sophisticatedstorage]/" done in 7.800 μs
[18:51:19] [main/TRACE] [REI] [REIPlugin END] Reloading Section: "pre-register/REIServerCompat of REIServerCompat [sophisticatedcore]/"
[18:51:19] [main/TRACE] [REI] [REIPlugin END] Reloading Section: "pre-register/REIServerCompat of REIServerCompat [sophisticatedcore]/" done in 6.900 μs
[18:51:19] [main/TRACE] [REI] [REIPlugin END] Reloading Section: "pre-register/REIServerCompat of REIServerCompat [sophisticatedbackpacks]/"
[18:51:19] [main/TRACE] [REI] [REIPlugin END] Reloading Section: "pre-register/REIServerCompat of REIServerCompat [sophisticatedbackpacks]/" done in 6.500 μs
[18:51:19] [main/TRACE] [REI] [REIPlugin END] Reloading Section: "pre-register/DefaultRuntimePlugin of DefaultRuntimePlugin [roughlyenoughitems]/"
[18:51:19] [main/TRACE] [REI] [REIPlugin END] Reloading Section: "pre-register/DefaultRuntimePlugin of DefaultRuntimePlugin [roughlyenoughitems]/" done in 6.400 μs
[18:51:19] [main/TRACE] [REI] [REIPlugin END] Reloading Section: "pre-register/" done in 279.1 μs
[18:51:19] [main/TRACE] [REI] [REIPlugin END] Reloading Section: "pre-stage/"
[18:51:19] [main/TRACE] [REI] [REIPlugin END] Reloading Section: "pre-stage/EntryTypeRegistryImpl/"
[18:51:19] [main/TRACE] [REI] [REIPlugin END] Reloading Section: "pre-stage/EntryTypeRegistryImpl/" done in 7.600 μs
[18:51:19] [main/TRACE] [REI] [REIPlugin END] Reloading Section: "pre-stage/EntrySettingsAdapterRegistryImpl/"
[18:51:19] [main/TRACE] [REI] [REIPlugin END] Reloading Section: "pre-stage/EntrySettingsAdapterRegistryImpl/" done in 6.300 μs
[18:51:19] [main/TRACE] [REI] [REIPlugin END] Reloading Section: "pre-stage/RecipeManagerContextImpl/"
[18:51:19] [main/TRACE] [REI] [REIPlugin END] Reloading Section: "pre-stage/RecipeManagerContextImpl/" done in 5.500 μs
[18:51:19] [main/TRACE] [REI] [REIPlugin END] Reloading Section: "pre-stage/ItemComparatorRegistryImpl/"
[18:51:19] [main/TRACE] [REI] [REIPlugin END] Reloading Section: "pre-stage/ItemComparatorRegistryImpl/" done in 5.200 μs
[18:51:19] [main/TRACE] [REI] [REIPlugin END] Reloading Section: "pre-stage/FluidComparatorRegistryImpl/"
[18:51:19] [main/TRACE] [REI] [REIPlugin END] Reloading Section: "pre-stage/FluidComparatorRegistryImpl/" done in 5.300 μs
[18:51:19] [main/TRACE] [REI] [REIPlugin END] Reloading Section: "pre-stage/DisplaySerializerRegistryImpl/"
[18:51:19] [main/TRACE] [REI] [REIPlugin END] Reloading Section: "pre-stage/DisplaySerializerRegistryImpl/" done in 5.600 μs
[18:51:19] [main/TRACE] [REI] [REIPlugin END] Reloading Section: "pre-stage/FluidSupportProviderImpl/"
[18:51:19] [main/TRACE] [REI] [REIPlugin END] Reloading Section: "pre-stage/FluidSupportProviderImpl/" done in 5.200 μs
[18:51:19] [main/TRACE] [REI] [REIPlugin END] Reloading Section: "pre-stage/" done in 119.8 μs
[18:51:19] [main/DEBUG] [REI] ========================================
[18:51:19] [main/DEBUG] [REI] REIPlugin finished pre-reload for END in 424.2 μs.
[18:51:19] [main/DEBUG] [REI] ========================================
[18:51:19] [main/DEBUG] [REI] ========================================
[18:51:19] [main/DEBUG] [REI] REIServerPlugin starting pre-reload for END.
[18:51:19] [main/DEBUG] [REI] Reloadables (2):
[18:51:19] [main/DEBUG] [REI]  - MenuInfoRegistryImpl
[18:51:19] [main/DEBUG] [REI]  - SlotAccessorRegistryImpl
[18:51:19] [main/DEBUG] [REI] Plugins (6):
[18:51:19] [main/DEBUG] [REI]  - (-100,00) DefaultPlugin of DefaultPlugin [roughlyenoughitems]
[18:51:19] [main/DEBUG] [REI]  - (0,00) FabricFluidAPISupportPlugin
[18:51:19] [main/DEBUG] [REI]  - (0,00) REIServerCompat of REIServerCompat [sophisticatedstorage]
[18:51:19] [main/DEBUG] [REI]  - (0,00) REIServerCompat of REIServerCompat [sophisticatedcore]
[18:51:19] [main/DEBUG] [REI]  - (0,00) REIServerCompat of REIServerCompat [sophisticatedbackpacks]
[18:51:19] [main/DEBUG] [REI]  - (0,00) DefaultRuntimePlugin of DefaultRuntimePlugin [roughlyenoughitems]
[18:51:19] [main/DEBUG] [REI] ========================================
[18:51:19] [main/TRACE] [REI] [REIServerPlugin END] Reloading Section: "pre-register/"
[18:51:19] [main/TRACE] [REI] [REIServerPlugin END] Reloading Section: "pre-register/DefaultPlugin of DefaultPlugin [roughlyenoughitems]/"
[18:51:19] [main/TRACE] [REI] [REIServerPlugin END] Reloading Section: "pre-register/DefaultPlugin of DefaultPlugin [roughlyenoughitems]/" done in 6.900 μs
[18:51:19] [main/TRACE] [REI] [REIServerPlugin END] Reloading Section: "pre-register/FabricFluidAPISupportPlugin/"
[18:51:19] [main/TRACE] [REI] [REIServerPlugin END] Reloading Section: "pre-register/FabricFluidAPISupportPlugin/" done in 7.600 μs
[18:51:19] [main/TRACE] [REI] [REIServerPlugin END] Reloading Section: "pre-register/REIServerCompat of REIServerCompat [sophisticatedstorage]/"
[18:51:19] [main/TRACE] [REI] [REIServerPlugin END] Reloading Section: "pre-register/REIServerCompat of REIServerCompat [sophisticatedstorage]/" done in 5.600 μs
[18:51:19] [main/TRACE] [REI] [REIServerPlugin END] Reloading Section: "pre-register/REIServerCompat of REIServerCompat [sophisticatedcore]/"
[18:51:19] [main/TRACE] [REI] [REIServerPlugin END] Reloading Section: "pre-register/REIServerCompat of REIServerCompat [sophisticatedcore]/" done in 55.80 μs
[18:51:19] [main/TRACE] [REI] [REIServerPlugin END] Reloading Section: "pre-register/REIServerCompat of REIServerCompat [sophisticatedbackpacks]/"
[18:51:19] [main/TRACE] [REI] [REIServerPlugin END] Reloading Section: "pre-register/REIServerCompat of REIServerCompat [sophisticatedbackpacks]/" done in 7.100 μs
[18:51:19] [main/TRACE] [REI] [REIServerPlugin END] Reloading Section: "pre-register/DefaultRuntimePlugin of DefaultRuntimePlugin [roughlyenoughitems]/"
[18:51:19] [main/TRACE] [REI] [REIServerPlugin END] Reloading Section: "pre-register/DefaultRuntimePlugin of DefaultRuntimePlugin [roughlyenoughitems]/" done in 6.300 μs
[18:51:19] [main/TRACE] [REI] [REIServerPlugin END] Reloading Section: "pre-register/" done in 178.5 μs
[18:51:19] [main/TRACE] [REI] [REIServerPlugin END] Reloading Section: "pre-stage/"
[18:51:19] [main/TRACE] [REI] [REIServerPlugin END] Reloading Section: "pre-stage/MenuInfoRegistryImpl/"
[18:51:19] [main/TRACE] [REI] [REIServerPlugin END] Reloading Section: "pre-stage/MenuInfoRegistryImpl/" done in 7.500 μs
[18:51:19] [main/TRACE] [REI] [REIServerPlugin END] Reloading Section: "pre-stage/SlotAccessorRegistryImpl/"
[18:51:19] [main/TRACE] [REI] [REIServerPlugin END] Reloading Section: "pre-stage/SlotAccessorRegistryImpl/" done in 6.600 μs
[18:51:19] [main/TRACE] [REI] [REIServerPlugin END] Reloading Section: "pre-stage/" done in 49.90 μs
[18:51:19] [main/DEBUG] [REI] ========================================
[18:51:19] [main/DEBUG] [REI] REIServerPlugin finished pre-reload for END in 248.4 μs.
[18:51:19] [main/DEBUG] [REI] ========================================
[18:51:19] [main/INFO] [REI] ----------------------------------------
[18:51:19] [main/INFO] [REI] REIPlugin starting main-reload for END.
[18:51:19] [main/DEBUG] [REI] Reloadables (7):
[18:51:19] [main/DEBUG] [REI]  - EntryTypeRegistryImpl
[18:51:19] [main/DEBUG] [REI]  - EntrySettingsAdapterRegistryImpl
[18:51:19] [main/DEBUG] [REI]  - RecipeManagerContextImpl
[18:51:19] [main/DEBUG] [REI]  - ItemComparatorRegistryImpl
[18:51:19] [main/DEBUG] [REI]  - FluidComparatorRegistryImpl
[18:51:19] [main/DEBUG] [REI]  - DisplaySerializerRegistryImpl
[18:51:19] [main/DEBUG] [REI]  - FluidSupportProviderImpl
[18:51:19] [main/INFO] [REI] Plugins (6):
[18:51:19] [main/INFO] [REI]  - (-100,00) DefaultPlugin of DefaultPlugin [roughlyenoughitems]
[18:51:19] [main/INFO] [REI]  - (0,00) FabricFluidAPISupportPlugin
[18:51:19] [main/INFO] [REI]  - (0,00) REIServerCompat of REIServerCompat [sophisticatedstorage]
[18:51:19] [main/INFO] [REI]  - (0,00) REIServerCompat of REIServerCompat [sophisticatedcore]
[18:51:19] [main/INFO] [REI]  - (0,00) REIServerCompat of REIServerCompat [sophisticatedbackpacks]
[18:51:19] [main/INFO] [REI]  - (0,00) DefaultRuntimePlugin of DefaultRuntimePlugin [roughlyenoughitems]
[18:51:19] [main/INFO] [REI] ----------------------------------------
[18:51:19] [main/TRACE] [REI] [REIPlugin END] Reloading Section: "start-reload/"
[18:51:19] [main/TRACE] [REI] [REIPlugin END] Reloading Section: "start-reload/EntryTypeRegistryImpl/"
[18:51:19] [main/TRACE] [REI] [REIPlugin END] Reloading Section: "start-reload/EntryTypeRegistryImpl/" done in 8.000 μs
[18:51:19] [main/TRACE] [REI] [REIPlugin END] Reloading Section: "start-reload/EntrySettingsAdapterRegistryImpl/"
[18:51:19] [main/TRACE] [REI] [REIPlugin END] Reloading Section: "start-reload/EntrySettingsAdapterRegistryImpl/" done in 10.20 μs
[18:51:19] [main/TRACE] [REI] [REIPlugin END] Reloading Section: "start-reload/RecipeManagerContextImpl/"
[18:51:19] [main/TRACE] [REI] [REIPlugin END] Reloading Section: "start-reload/RecipeManagerContextImpl/" done in 26.60 μs
[18:51:19] [main/TRACE] [REI] [REIPlugin END] Reloading Section: "start-reload/ItemComparatorRegistryImpl/"
[18:51:19] [main/TRACE] [REI] [REIPlugin END] Reloading Section: "start-reload/ItemComparatorRegistryImpl/" done in 6.200 μs
[18:51:19] [main/TRACE] [REI] [REIPlugin END] Reloading Section: "start-reload/FluidComparatorRegistryImpl/"
[18:51:19] [main/TRACE] [REI] [REIPlugin END] Reloading Section: "start-reload/FluidComparatorRegistryImpl/" done in 6.100 μs
[18:51:19] [main/TRACE] [REI] [REIPlugin END] Reloading Section: "start-reload/DisplaySerializerRegistryImpl/"
[18:51:19] [main/TRACE] [REI] [REIPlugin END] Reloading Section: "start-reload/DisplaySerializerRegistryImpl/" done in 7.400 μs
[18:51:19] [main/TRACE] [REI] [REIPlugin END] Reloading Section: "start-reload/FluidSupportProviderImpl/"
[18:51:19] [main/TRACE] [REI] [REIPlugin END] Reloading Section: "start-reload/FluidSupportProviderImpl/" done in 4.000 μs
[18:51:19] [main/TRACE] [REI] [REIPlugin END] Reloading Section: "start-reload/" done in 201.5 μs
[18:51:19] [main/DEBUG] [REI] ========================================
[18:51:19] [main/DEBUG] [REI] REIPlugin started main-reload for END.
[18:51:19] [main/DEBUG] [REI] ========================================
[18:51:19] [main/TRACE] [REI] [REIPlugin END] Reloading Section: "reloadable-plugin/EntryTypeRegistryImpl/"
[18:51:19] [main/TRACE] [REI] [REIPlugin END] Reloading Section: "reloadable-plugin/EntryTypeRegistryImpl/DefaultPlugin of DefaultPlugin [roughlyenoughitems]/"
[18:51:19] [main/TRACE] [REI] [REIPlugin END] Reloading Section: "reloadable-plugin/EntryTypeRegistryImpl/DefaultPlugin of DefaultPlugin [roughlyenoughitems]/" done in 8.200 μs
[18:51:19] [main/TRACE] [REI] [REIPlugin END] Reloading Section: "reloadable-plugin/EntryTypeRegistryImpl/FabricFluidAPISupportPlugin/"
[18:51:19] [main/TRACE] [REI] [REIPlugin END] Reloading Section: "reloadable-plugin/EntryTypeRegistryImpl/FabricFluidAPISupportPlugin/" done in 6.100 μs
[18:51:19] [main/TRACE] [REI] [REIPlugin END] Reloading Section: "reloadable-plugin/EntryTypeRegistryImpl/REIServerCompat of REIServerCompat [sophisticatedstorage]/"
[18:51:19] [main/TRACE] [REI] [REIPlugin END] Reloading Section: "reloadable-plugin/EntryTypeRegistryImpl/REIServerCompat of REIServerCompat [sophisticatedstorage]/" done in 8.800 μs
[18:51:19] [main/TRACE] [REI] [REIPlugin END] Reloading Section: "reloadable-plugin/EntryTypeRegistryImpl/REIServerCompat of REIServerCompat [sophisticatedcore]/"
[18:51:19] [main/TRACE] [REI] [REIPlugin END] Reloading Section: "reloadable-plugin/EntryTypeRegistryImpl/REIServerCompat of REIServerCompat [sophisticatedcore]/" done in 7.700 μs
[18:51:19] [main/TRACE] [REI] [REIPlugin END] Reloading Section: "reloadable-plugin/EntryTypeRegistryImpl/REIServerCompat of REIServerCompat [sophisticatedbackpacks]/"
[18:51:19] [main/TRACE] [REI] [REIPlugin END] Reloading Section: "reloadable-plugin/EntryTypeRegistryImpl/REIServerCompat of REIServerCompat [sophisticatedbackpacks]/" done in 9.700 μs
[18:51:19] [main/TRACE] [REI] [REIPlugin END] Reloading Section: "reloadable-plugin/EntryTypeRegistryImpl/DefaultRuntimePlugin of DefaultRuntimePlugin [roughlyenoughitems]/"
[18:51:19] [main/TRACE] [REI] [REIPlugin END] Reloading Section: "reloadable-plugin/EntryTypeRegistryImpl/DefaultRuntimePlugin of DefaultRuntimePlugin [roughlyenoughitems]/" done in 7.500 μs
[18:51:19] [main/TRACE] [REI] [REIPlugin END] Reloading Section: "reloadable-plugin/EntryTypeRegistryImpl/" done in 187.5 μs
[18:51:19] [main/TRACE] [REI] [REIPlugin END] Reloading Section: "reloadable-plugin/EntrySettingsAdapterRegistryImpl/"
[18:51:19] [main/TRACE] [REI] [REIPlugin END] Reloading Section: "reloadable-plugin/EntrySettingsAdapterRegistryImpl/DefaultPlugin of DefaultPlugin [roughlyenoughitems]/"
[18:51:19] [main/TRACE] [REI] [REIPlugin END] Reloading Section: "reloadable-plugin/EntrySettingsAdapterRegistryImpl/DefaultPlugin of DefaultPlugin [roughlyenoughitems]/" done in 8.800 μs
[18:51:19] [main/TRACE] [REI] [REIPlugin END] Reloading Section: "reloadable-plugin/EntrySettingsAdapterRegistryImpl/FabricFluidAPISupportPlugin/"
[18:51:19] [main/TRACE] [REI] [REIPlugin END] Reloading Section: "reloadable-plugin/EntrySettingsAdapterRegistryImpl/FabricFluidAPISupportPlugin/" done in 8.200 μs
[18:51:19] [main/TRACE] [REI] [REIPlugin END] Reloading Section: "reloadable-plugin/EntrySettingsAdapterRegistryImpl/REIServerCompat of REIServerCompat [sophisticatedstorage]/"
[18:51:19] [main/TRACE] [REI] [REIPlugin END] Reloading Section: "reloadable-plugin/EntrySettingsAdapterRegistryImpl/REIServerCompat of REIServerCompat [sophisticatedstorage]/" done in 9.000 μs
[18:51:19] [main/TRACE] [REI] [REIPlugin END] Reloading Section: "reloadable-plugin/EntrySettingsAdapterRegistryImpl/REIServerCompat of REIServerCompat [sophisticatedcore]/"
[18:51:19] [main/TRACE] [REI] [REIPlugin END] Reloading Section: "reloadable-plugin/EntrySettingsAdapterRegistryImpl/REIServerCompat of REIServerCompat [sophisticatedcore]/" done in 6.700 μs
[18:51:19] [main/TRACE] [REI] [REIPlugin END] Reloading Section: "reloadable-plugin/EntrySettingsAdapterRegistryImpl/REIServerCompat of REIServerCompat [sophisticatedbackpacks]/"
[18:51:19] [main/TRACE] [REI] [REIPlugin END] Reloading Section: "reloadable-plugin/EntrySettingsAdapterRegistryImpl/REIServerCompat of REIServerCompat [sophisticatedbackpacks]/" done in 5.900 μs
[18:51:19] [main/TRACE] [REI] [REIPlugin END] Reloading Section: "reloadable-plugin/EntrySettingsAdapterRegistryImpl/DefaultRuntimePlugin of DefaultRuntimePlugin [roughlyenoughitems]/"
[18:51:19] [main/TRACE] [REI] [REIPlugin END] Reloading Section: "reloadable-plugin/EntrySettingsAdapterRegistryImpl/DefaultRuntimePlugin of DefaultRuntimePlugin [roughlyenoughitems]/" done in 5.200 μs
[18:51:19] [main/TRACE] [REI] [REIPlugin END] Reloading Section: "reloadable-plugin/EntrySettingsAdapterRegistryImpl/" done in 139.4 μs
[18:51:19] [main/TRACE] [REI] [REIPlugin END] Reloading Section: "reloadable-plugin/RecipeManagerContextImpl/"
[18:51:19] [main/TRACE] [REI] [REIPlugin END] Reloading Section: "reloadable-plugin/RecipeManagerContextImpl/DefaultPlugin of DefaultPlugin [roughlyenoughitems]/"
[18:51:19] [main/TRACE] [REI] [REIPlugin END] Reloading Section: "reloadable-plugin/RecipeManagerContextImpl/DefaultPlugin of DefaultPlugin [roughlyenoughitems]/" done in 6.100 μs
[18:51:19] [main/TRACE] [REI] [REIPlugin END] Reloading Section: "reloadable-plugin/RecipeManagerContextImpl/FabricFluidAPISupportPlugin/"
[18:51:19] [main/TRACE] [REI] [REIPlugin END] Reloading Section: "reloadable-plugin/RecipeManagerContextImpl/FabricFluidAPISupportPlugin/" done in 7.300 μs
[18:51:19] [main/TRACE] [REI] [REIPlugin END] Reloading Section: "reloadable-plugin/RecipeManagerContextImpl/REIServerCompat of REIServerCompat [sophisticatedstorage]/"
[18:51:19] [main/TRACE] [REI] [REIPlugin END] Reloading Section: "reloadable-plugin/RecipeManagerContextImpl/REIServerCompat of REIServerCompat [sophisticatedstorage]/" done in 7.000 μs
[18:51:19] [main/TRACE] [REI] [REIPlugin END] Reloading Section: "reloadable-plugin/RecipeManagerContextImpl/REIServerCompat of REIServerCompat [sophisticatedcore]/"
[18:51:19] [main/TRACE] [REI] [REIPlugin END] Reloading Section: "reloadable-plugin/RecipeManagerContextImpl/REIServerCompat of REIServerCompat [sophisticatedcore]/" done in 6.900 μs
[18:51:19] [main/TRACE] [REI] [REIPlugin END] Reloading Section: "reloadable-plugin/RecipeManagerContextImpl/REIServerCompat of REIServerCompat [sophisticatedbackpacks]/"
[18:51:19] [main/TRACE] [REI] [REIPlugin END] Reloading Section: "reloadable-plugin/RecipeManagerContextImpl/REIServerCompat of REIServerCompat [sophisticatedbackpacks]/" done in 5.300 μs
[18:51:19] [main/TRACE] [REI] [REIPlugin END] Reloading Section: "reloadable-plugin/RecipeManagerContextImpl/DefaultRuntimePlugin of DefaultRuntimePlugin [roughlyenoughitems]/"
[18:51:19] [main/TRACE] [REI] [REIPlugin END] Reloading Section: "reloadable-plugin/RecipeManagerContextImpl/DefaultRuntimePlugin of DefaultRuntimePlugin [roughlyenoughitems]/" done in 6.500 μs
[18:51:19] [main/TRACE] [REI] [REIPlugin END] Reloading Section: "reloadable-plugin/RecipeManagerContextImpl/" done in 100.1 μs
[18:51:19] [main/TRACE] [REI] [REIPlugin END] Reloading Section: "reloadable-plugin/ItemComparatorRegistryImpl/"
[18:51:19] [main/TRACE] [REI] [REIPlugin END] Reloading Section: "reloadable-plugin/ItemComparatorRegistryImpl/DefaultPlugin of DefaultPlugin [roughlyenoughitems]/"
[18:51:19] [main/TRACE] [REI] [REIPlugin END] Reloading Section: "reloadable-plugin/ItemComparatorRegistryImpl/DefaultPlugin of DefaultPlugin [roughlyenoughitems]/" done in 8.100 μs
[18:51:19] [main/TRACE] [REI] [REIPlugin END] Reloading Section: "reloadable-plugin/ItemComparatorRegistryImpl/FabricFluidAPISupportPlugin/"
[18:51:19] [main/TRACE] [REI] [REIPlugin END] Reloading Section: "reloadable-plugin/ItemComparatorRegistryImpl/FabricFluidAPISupportPlugin/" done in 7.100 μs
[18:51:19] [main/TRACE] [REI] [REIPlugin END] Reloading Section: "reloadable-plugin/ItemComparatorRegistryImpl/REIServerCompat of REIServerCompat [sophisticatedstorage]/"
[18:51:19] [main/TRACE] [REI] [REIPlugin END] Reloading Section: "reloadable-plugin/ItemComparatorRegistryImpl/REIServerCompat of REIServerCompat [sophisticatedstorage]/" done in 6.400 μs
[18:51:19] [main/TRACE] [REI] [REIPlugin END] Reloading Section: "reloadable-plugin/ItemComparatorRegistryImpl/REIServerCompat of REIServerCompat [sophisticatedcore]/"
[18:51:19] [main/TRACE] [REI] [REIPlugin END] Reloading Section: "reloadable-plugin/ItemComparatorRegistryImpl/REIServerCompat of REIServerCompat [sophisticatedcore]/" done in 5.900 μs
[18:51:19] [main/TRACE] [REI] [REIPlugin END] Reloading Section: "reloadable-plugin/ItemComparatorRegistryImpl/REIServerCompat of REIServerCompat [sophisticatedbackpacks]/"
[18:51:19] [main/TRACE] [REI] [REIPlugin END] Reloading Section: "reloadable-plugin/ItemComparatorRegistryImpl/REIServerCompat of REIServerCompat [sophisticatedbackpacks]/" done in 7.500 μs
[18:51:19] [main/TRACE] [REI] [REIPlugin END] Reloading Section: "reloadable-plugin/ItemComparatorRegistryImpl/DefaultRuntimePlugin of DefaultRuntimePlugin [roughlyenoughitems]/"
[18:51:19] [main/TRACE] [REI] [REIPlugin END] Reloading Section: "reloadable-plugin/ItemComparatorRegistryImpl/DefaultRuntimePlugin of DefaultRuntimePlugin [roughlyenoughitems]/" done in 7.200 μs
[18:51:19] [main/TRACE] [REI] [REIPlugin END] Reloading Section: "reloadable-plugin/ItemComparatorRegistryImpl/" done in 140.1 μs
[18:51:19] [main/TRACE] [REI] [REIPlugin END] Reloading Section: "reloadable-plugin/FluidComparatorRegistryImpl/"
[18:51:19] [main/TRACE] [REI] [REIPlugin END] Reloading Section: "reloadable-plugin/FluidComparatorRegistryImpl/DefaultPlugin of DefaultPlugin [roughlyenoughitems]/"
[18:51:19] [main/TRACE] [REI] [REIPlugin END] Reloading Section: "reloadable-plugin/FluidComparatorRegistryImpl/DefaultPlugin of DefaultPlugin [roughlyenoughitems]/" done in 7.500 μs
[18:51:19] [main/TRACE] [REI] [REIPlugin END] Reloading Section: "reloadable-plugin/FluidComparatorRegistryImpl/FabricFluidAPISupportPlugin/"
[18:51:19] [main/TRACE] [REI] [REIPlugin END] Reloading Section: "reloadable-plugin/FluidComparatorRegistryImpl/FabricFluidAPISupportPlugin/" done in 7.700 μs
[18:51:19] [main/TRACE] [REI] [REIPlugin END] Reloading Section: "reloadable-plugin/FluidComparatorRegistryImpl/REIServerCompat of REIServerCompat [sophisticatedstorage]/"
[18:51:19] [main/TRACE] [REI] [REIPlugin END] Reloading Section: "reloadable-plugin/FluidComparatorRegistryImpl/REIServerCompat of REIServerCompat [sophisticatedstorage]/" done in 7.700 μs
[18:51:19] [main/TRACE] [REI] [REIPlugin END] Reloading Section: "reloadable-plugin/FluidComparatorRegistryImpl/REIServerCompat of REIServerCompat [sophisticatedcore]/"
[18:51:19] [main/TRACE] [REI] [REIPlugin END] Reloading Section: "reloadable-plugin/FluidComparatorRegistryImpl/REIServerCompat of REIServerCompat [sophisticatedcore]/" done in 9.200 μs
[18:51:19] [main/TRACE] [REI] [REIPlugin END] Reloading Section: "reloadable-plugin/FluidComparatorRegistryImpl/REIServerCompat of REIServerCompat [sophisticatedbackpacks]/"
[18:51:19] [main/TRACE] [REI] [REIPlugin END] Reloading Section: "reloadable-plugin/FluidComparatorRegistryImpl/REIServerCompat of REIServerCompat [sophisticatedbackpacks]/" done in 7.700 μs
[18:51:19] [main/TRACE] [REI] [REIPlugin END] Reloading Section: "reloadable-plugin/FluidComparatorRegistryImpl/DefaultRuntimePlugin of DefaultRuntimePlugin [roughlyenoughitems]/"
[18:51:19] [main/TRACE] [REI] [REIPlugin END] Reloading Section: "reloadable-plugin/FluidComparatorRegistryImpl/DefaultRuntimePlugin of DefaultRuntimePlugin [roughlyenoughitems]/" done in 8.900 μs
[18:51:19] [main/TRACE] [REI] [REIPlugin END] Reloading Section: "reloadable-plugin/FluidComparatorRegistryImpl/" done in 124.4 μs
[18:51:19] [main/TRACE] [REI] [REIPlugin END] Reloading Section: "reloadable-plugin/DisplaySerializerRegistryImpl/"
[18:51:19] [main/TRACE] [REI] [REIPlugin END] Reloading Section: "reloadable-plugin/DisplaySerializerRegistryImpl/DefaultPlugin of DefaultPlugin [roughlyenoughitems]/"
[18:51:19] [main/TRACE] [REI] [REIPlugin END] Reloading Section: "reloadable-plugin/DisplaySerializerRegistryImpl/DefaultPlugin of DefaultPlugin [roughlyenoughitems]/" done in 26.13 ms
[18:51:19] [main/TRACE] [REI] [REIPlugin END] Reloading Section: "reloadable-plugin/DisplaySerializerRegistryImpl/FabricFluidAPISupportPlugin/"
[18:51:19] [main/TRACE] [REI] [REIPlugin END] Reloading Section: "reloadable-plugin/DisplaySerializerRegistryImpl/FabricFluidAPISupportPlugin/" done in 27.10 μs
[18:51:19] [main/TRACE] [REI] [REIPlugin END] Reloading Section: "reloadable-plugin/DisplaySerializerRegistryImpl/REIServerCompat of REIServerCompat [sophisticatedstorage]/"
[18:51:19] [main/TRACE] [REI] [REIPlugin END] Reloading Section: "reloadable-plugin/DisplaySerializerRegistryImpl/REIServerCompat of REIServerCompat [sophisticatedstorage]/" done in 11.20 μs
[18:51:19] [main/TRACE] [REI] [REIPlugin END] Reloading Section: "reloadable-plugin/DisplaySerializerRegistryImpl/REIServerCompat of REIServerCompat [sophisticatedcore]/"
[18:51:19] [main/TRACE] [REI] [REIPlugin END] Reloading Section: "reloadable-plugin/DisplaySerializerRegistryImpl/REIServerCompat of REIServerCompat [sophisticatedcore]/" done in 8.700 μs
[18:51:19] [main/TRACE] [REI] [REIPlugin END] Reloading Section: "reloadable-plugin/DisplaySerializerRegistryImpl/REIServerCompat of REIServerCompat [sophisticatedbackpacks]/"
[18:51:19] [main/TRACE] [REI] [REIPlugin END] Reloading Section: "reloadable-plugin/DisplaySerializerRegistryImpl/REIServerCompat of REIServerCompat [sophisticatedbackpacks]/" done in 7.700 μs
[18:51:19] [main/TRACE] [REI] [REIPlugin END] Reloading Section: "reloadable-plugin/DisplaySerializerRegistryImpl/DefaultRuntimePlugin of DefaultRuntimePlugin [roughlyenoughitems]/"
[18:51:19] [main/TRACE] [REI] [REIPlugin END] Reloading Section: "reloadable-plugin/DisplaySerializerRegistryImpl/DefaultRuntimePlugin of DefaultRuntimePlugin [roughlyenoughitems]/" done in 7.400 μs
[18:51:19] [main/TRACE] [REI] [REIPlugin END] Reloading Section: "reloadable-plugin/DisplaySerializerRegistryImpl/" done in 26.50 ms
[18:51:19] [main/TRACE] [REI] [REIPlugin END] Reloading Section: "reloadable-plugin/FluidSupportProviderImpl/"
[18:51:19] [main/TRACE] [REI] [REIPlugin END] Reloading Section: "reloadable-plugin/FluidSupportProviderImpl/DefaultPlugin of DefaultPlugin [roughlyenoughitems]/"
[18:51:19] [main/TRACE] [REI] [REIPlugin END] Reloading Section: "reloadable-plugin/FluidSupportProviderImpl/DefaultPlugin of DefaultPlugin [roughlyenoughitems]/" done in 9.100 μs
[18:51:19] [main/TRACE] [REI] [REIPlugin END] Reloading Section: "reloadable-plugin/FluidSupportProviderImpl/FabricFluidAPISupportPlugin/"
[18:51:19] [main/TRACE] [REI] [REIPlugin END] Reloading Section: "reloadable-plugin/FluidSupportProviderImpl/FabricFluidAPISupportPlugin/" done in 11.90 μs
[18:51:19] [main/TRACE] [REI] [REIPlugin END] Reloading Section: "reloadable-plugin/FluidSupportProviderImpl/REIServerCompat of REIServerCompat [sophisticatedstorage]/"
[18:51:19] [main/TRACE] [REI] [REIPlugin END] Reloading Section: "reloadable-plugin/FluidSupportProviderImpl/REIServerCompat of REIServerCompat [sophisticatedstorage]/" done in 7.800 μs
[18:51:19] [main/TRACE] [REI] [REIPlugin END] Reloading Section: "reloadable-plugin/FluidSupportProviderImpl/REIServerCompat of REIServerCompat [sophisticatedcore]/"
[18:51:19] [main/TRACE] [REI] [REIPlugin END] Reloading Section: "reloadable-plugin/FluidSupportProviderImpl/REIServerCompat of REIServerCompat [sophisticatedcore]/" done in 12.70 μs
[18:51:19] [main/TRACE] [REI] [REIPlugin END] Reloading Section: "reloadable-plugin/FluidSupportProviderImpl/REIServerCompat of REIServerCompat [sophisticatedbackpacks]/"
[18:51:19] [main/TRACE] [REI] [REIPlugin END] Reloading Section: "reloadable-plugin/FluidSupportProviderImpl/REIServerCompat of REIServerCompat [sophisticatedbackpacks]/" done in 7.700 μs
[18:51:19] [main/TRACE] [REI] [REIPlugin END] Reloading Section: "reloadable-plugin/FluidSupportProviderImpl/DefaultRuntimePlugin of DefaultRuntimePlugin [roughlyenoughitems]/"
[18:51:19] [main/TRACE] [REI] [REIPlugin END] Reloading Section: "reloadable-plugin/FluidSupportProviderImpl/DefaultRuntimePlugin of DefaultRuntimePlugin [roughlyenoughitems]/" done in 7.600 μs
[18:51:19] [main/TRACE] [REI] [REIPlugin END] Reloading Section: "reloadable-plugin/FluidSupportProviderImpl/" done in 173.5 μs
[18:51:19] [main/DEBUG] [REI] ========================================
[18:51:19] [main/DEBUG] [REI] REIPlugin ending main-reload for END.
[18:51:19] [main/DEBUG] [REI] ========================================
[18:51:19] [main/TRACE] [REI] [REIPlugin END] Reloading Section: "end-reload/"
[18:51:19] [main/TRACE] [REI] [REIPlugin END] Reloading Section: "end-reload/EntryTypeRegistryImpl/"
[18:51:19] [main/TRACE] [REI] [REIPlugin END] Reloading Section: "end-reload/EntryTypeRegistryImpl/" done in 7.100 μs
[18:51:19] [main/TRACE] [REI] [REIPlugin END] Reloading Section: "end-reload/EntrySettingsAdapterRegistryImpl/"
[18:51:19] [main/TRACE] [REI] [REIPlugin END] Reloading Section: "end-reload/EntrySettingsAdapterRegistryImpl/" done in 6.100 μs
[18:51:19] [main/TRACE] [REI] [REIPlugin END] Reloading Section: "end-reload/RecipeManagerContextImpl/"
[18:51:19] [main/TRACE] [REI] [REIPlugin END] Reloading Section: "end-reload/RecipeManagerContextImpl/" done in 5.700 μs
[18:51:19] [main/TRACE] [REI] [REIPlugin END] Reloading Section: "end-reload/ItemComparatorRegistryImpl/"
[18:51:19] [main/TRACE] [REI] [REIPlugin END] Reloading Section: "end-reload/ItemComparatorRegistryImpl/" done in 5.600 μs
[18:51:19] [main/TRACE] [REI] [REIPlugin END] Reloading Section: "end-reload/FluidComparatorRegistryImpl/"
[18:51:19] [main/TRACE] [REI] [REIPlugin END] Reloading Section: "end-reload/FluidComparatorRegistryImpl/" done in 5.400 μs
[18:51:19] [main/TRACE] [REI] [REIPlugin END] Reloading Section: "end-reload/DisplaySerializerRegistryImpl/"
[18:51:19] [main/TRACE] [REI] [REIPlugin END] Reloading Section: "end-reload/DisplaySerializerRegistryImpl/" done in 30.60 μs
[18:51:19] [main/TRACE] [REI] [REIPlugin END] Reloading Section: "end-reload/FluidSupportProviderImpl/"
[18:51:19] [main/TRACE] [REI] [REIPlugin END] Reloading Section: "end-reload/FluidSupportProviderImpl/" done in 6.300 μs
[18:51:19] [main/TRACE] [REI] [REIPlugin END] Reloading Section: "end-reload/" done in 149.6 μs
[18:51:19] [main/DEBUG] [REI] ========================================
[18:51:19] [main/DEBUG] [REI] REIPlugin ended main-reload for END in 29.27 ms.
[18:51:19] [main/DEBUG] [REI] ========================================
[18:51:19] [main/INFO] [REI] OOOOOOOOOOOOOOOOOOOOOOOOOOOOOOOOOOOOOOOO
[18:51:19] [main/INFO] [REI] REIServerPlugin starting main-reload for END.
[18:51:19] [main/DEBUG] [REI] Reloadables (2):
[18:51:19] [main/DEBUG] [REI]  - MenuInfoRegistryImpl
[18:51:19] [main/DEBUG] [REI]  - SlotAccessorRegistryImpl
[18:51:19] [main/INFO] [REI] Plugins (6):
[18:51:19] [main/INFO] [REI]  - (-100,00) DefaultPlugin of DefaultPlugin [roughlyenoughitems]
[18:51:19] [main/INFO] [REI]  - (0,00) FabricFluidAPISupportPlugin
[18:51:19] [main/INFO] [REI]  - (0,00) REIServerCompat of REIServerCompat [sophisticatedstorage]
[18:51:19] [main/INFO] [REI]  - (0,00) REIServerCompat of REIServerCompat [sophisticatedcore]
[18:51:19] [main/INFO] [REI]  - (0,00) REIServerCompat of REIServerCompat [sophisticatedbackpacks]
[18:51:19] [main/INFO] [REI]  - (0,00) DefaultRuntimePlugin of DefaultRuntimePlugin [roughlyenoughitems]
[18:51:19] [main/INFO] [REI] OOOOOOOOOOOOOOOOOOOOOOOOOOOOOOOOOOOOOOOO
[18:51:19] [main/TRACE] [REI] [REIServerPlugin END] Reloading Section: "start-reload/"
[18:51:19] [main/TRACE] [REI] [REIServerPlugin END] Reloading Section: "start-reload/MenuInfoRegistryImpl/"
[18:51:19] [main/TRACE] [REI] [REIServerPlugin END] Reloading Section: "start-reload/MenuInfoRegistryImpl/" done in 25.10 μs
[18:51:19] [main/TRACE] [REI] [REIServerPlugin END] Reloading Section: "start-reload/SlotAccessorRegistryImpl/"
[18:51:19] [main/TRACE] [REI] [REIServerPlugin END] Reloading Section: "start-reload/SlotAccessorRegistryImpl/" done in 7.200 μs
[18:51:19] [main/TRACE] [REI] [REIServerPlugin END] Reloading Section: "start-reload/" done in 97.00 μs
[18:51:19] [main/DEBUG] [REI] ========================================
[18:51:19] [main/DEBUG] [REI] REIServerPlugin started main-reload for END.
[18:51:19] [main/DEBUG] [REI] ========================================
[18:51:19] [main/TRACE] [REI] [REIServerPlugin END] Reloading Section: "reloadable-plugin/MenuInfoRegistryImpl/"
[18:51:19] [main/TRACE] [REI] [REIServerPlugin END] Reloading Section: "reloadable-plugin/MenuInfoRegistryImpl/DefaultPlugin of DefaultPlugin [roughlyenoughitems]/"
[18:51:19] [main/TRACE] [REI] [REIServerPlugin END] Reloading Section: "reloadable-plugin/MenuInfoRegistryImpl/DefaultPlugin of DefaultPlugin [roughlyenoughitems]/" done in 13.50 μs
[18:51:19] [main/TRACE] [REI] [REIServerPlugin END] Reloading Section: "reloadable-plugin/MenuInfoRegistryImpl/FabricFluidAPISupportPlugin/"
[18:51:19] [main/TRACE] [REI] [REIServerPlugin END] Reloading Section: "reloadable-plugin/MenuInfoRegistryImpl/FabricFluidAPISupportPlugin/" done in 5.500 μs
[18:51:19] [main/TRACE] [REI] [REIServerPlugin END] Reloading Section: "reloadable-plugin/MenuInfoRegistryImpl/REIServerCompat of REIServerCompat [sophisticatedstorage]/"
[18:51:19] [main/TRACE] [REI] [REIServerPlugin END] Reloading Section: "reloadable-plugin/MenuInfoRegistryImpl/REIServerCompat of REIServerCompat [sophisticatedstorage]/" done in 6.000 μs
[18:51:19] [main/TRACE] [REI] [REIServerPlugin END] Reloading Section: "reloadable-plugin/MenuInfoRegistryImpl/REIServerCompat of REIServerCompat [sophisticatedcore]/"
[18:51:19] [main/TRACE] [REI] [REIServerPlugin END] Reloading Section: "reloadable-plugin/MenuInfoRegistryImpl/REIServerCompat of REIServerCompat [sophisticatedcore]/" done in 7.600 μs
[18:51:19] [main/TRACE] [REI] [REIServerPlugin END] Reloading Section: "reloadable-plugin/MenuInfoRegistryImpl/REIServerCompat of REIServerCompat [sophisticatedbackpacks]/"
[18:51:19] [main/TRACE] [REI] [REIServerPlugin END] Reloading Section: "reloadable-plugin/MenuInfoRegistryImpl/REIServerCompat of REIServerCompat [sophisticatedbackpacks]/" done in 5.100 μs
[18:51:19] [main/TRACE] [REI] [REIServerPlugin END] Reloading Section: "reloadable-plugin/MenuInfoRegistryImpl/DefaultRuntimePlugin of DefaultRuntimePlugin [roughlyenoughitems]/"
[18:51:19] [main/TRACE] [REI] [REIServerPlugin END] Reloading Section: "reloadable-plugin/MenuInfoRegistryImpl/DefaultRuntimePlugin of DefaultRuntimePlugin [roughlyenoughitems]/" done in 4.900 μs
[18:51:19] [main/TRACE] [REI] [REIServerPlugin END] Reloading Section: "reloadable-plugin/MenuInfoRegistryImpl/" done in 133.3 μs
[18:51:19] [main/TRACE] [REI] [REIServerPlugin END] Reloading Section: "reloadable-plugin/SlotAccessorRegistryImpl/"
[18:51:19] [main/TRACE] [REI] [REIServerPlugin END] Reloading Section: "reloadable-plugin/SlotAccessorRegistryImpl/DefaultPlugin of DefaultPlugin [roughlyenoughitems]/"
[18:51:19] [main/TRACE] [REI] [REIServerPlugin END] Reloading Section: "reloadable-plugin/SlotAccessorRegistryImpl/DefaultPlugin of DefaultPlugin [roughlyenoughitems]/" done in 10.60 μs
[18:51:19] [main/TRACE] [REI] [REIServerPlugin END] Reloading Section: "reloadable-plugin/SlotAccessorRegistryImpl/FabricFluidAPISupportPlugin/"
[18:51:19] [main/TRACE] [REI] [REIServerPlugin END] Reloading Section: "reloadable-plugin/SlotAccessorRegistryImpl/FabricFluidAPISupportPlugin/" done in 6.500 μs
[18:51:19] [main/TRACE] [REI] [REIServerPlugin END] Reloading Section: "reloadable-plugin/SlotAccessorRegistryImpl/REIServerCompat of REIServerCompat [sophisticatedstorage]/"
[18:51:19] [main/TRACE] [REI] [REIServerPlugin END] Reloading Section: "reloadable-plugin/SlotAccessorRegistryImpl/REIServerCompat of REIServerCompat [sophisticatedstorage]/" done in 8.100 μs
[18:51:19] [main/TRACE] [REI] [REIServerPlugin END] Reloading Section: "reloadable-plugin/SlotAccessorRegistryImpl/REIServerCompat of REIServerCompat [sophisticatedcore]/"
[18:51:19] [main/DEBUG] [REI] Added slot accessor serializer: net.p3pp3rf1y.sophisticatedcore.compat.rei.REIServerCompat$1@4565f264 [sophisticatedcore:storage]
[18:51:19] [main/TRACE] [REI] [REIServerPlugin END] Reloading Section: "reloadable-plugin/SlotAccessorRegistryImpl/REIServerCompat of REIServerCompat [sophisticatedcore]/" done in 1.013 ms
[18:51:19] [main/TRACE] [REI] [REIServerPlugin END] Reloading Section: "reloadable-plugin/SlotAccessorRegistryImpl/REIServerCompat of REIServerCompat [sophisticatedbackpacks]/"
[18:51:19] [main/TRACE] [REI] [REIServerPlugin END] Reloading Section: "reloadable-plugin/SlotAccessorRegistryImpl/REIServerCompat of REIServerCompat [sophisticatedbackpacks]/" done in 8.300 μs
[18:51:19] [main/TRACE] [REI] [REIServerPlugin END] Reloading Section: "reloadable-plugin/SlotAccessorRegistryImpl/DefaultRuntimePlugin of DefaultRuntimePlugin [roughlyenoughitems]/"
[18:51:19] [main/DEBUG] [REI] Added slot accessor serializer: me.shedaniel.rei.plugin.common.runtime.DefaultRuntimePlugin$1@738cc27d [roughlyenoughitems:vanilla]
[18:51:19] [main/DEBUG] [REI] Added slot accessor serializer: me.shedaniel.rei.plugin.common.runtime.DefaultRuntimePlugin$2@64a696fa [roughlyenoughitems:player]
[18:51:19] [main/TRACE] [REI] [REIServerPlugin END] Reloading Section: "reloadable-plugin/SlotAccessorRegistryImpl/DefaultRuntimePlugin of DefaultRuntimePlugin [roughlyenoughitems]/" done in 579.4 μs
[18:51:19] [main/TRACE] [REI] [REIServerPlugin END] Reloading Section: "reloadable-plugin/SlotAccessorRegistryImpl/" done in 1.714 ms
[18:51:19] [main/DEBUG] [REI] ========================================
[18:51:19] [main/DEBUG] [REI] REIServerPlugin ending main-reload for END.
[18:51:19] [main/DEBUG] [REI] ========================================
[18:51:19] [main/TRACE] [REI] [REIServerPlugin END] Reloading Section: "end-reload/"
[18:51:19] [main/TRACE] [REI] [REIServerPlugin END] Reloading Section: "end-reload/MenuInfoRegistryImpl/"
[18:51:19] [main/DEBUG] [REI] Registered 0 menu infos
[18:51:19] [main/TRACE] [REI] [REIServerPlugin END] Reloading Section: "end-reload/MenuInfoRegistryImpl/" done in 36.10 μs
[18:51:19] [main/TRACE] [REI] [REIServerPlugin END] Reloading Section: "end-reload/SlotAccessorRegistryImpl/"
[18:51:19] [main/DEBUG] [REI] Registered 3 slot accessor serializers
[18:51:19] [main/TRACE] [REI] [REIServerPlugin END] Reloading Section: "end-reload/SlotAccessorRegistryImpl/" done in 50.90 μs
[18:51:19] [main/TRACE] [REI] [REIServerPlugin END] Reloading Section: "end-reload/" done in 126.1 μs
[18:51:19] [main/DEBUG] [REI] ========================================
[18:51:19] [main/DEBUG] [REI] REIServerPlugin ended main-reload for END in 3.637 ms.
[18:51:19] [main/DEBUG] [REI] ========================================
[18:51:19] [main/DEBUG] [REI] ========================================
[18:51:19] [main/DEBUG] [REI] REIPlugin starting post-reload for END.
[18:51:19] [main/DEBUG] [REI] Reloadables (7):
[18:51:19] [main/DEBUG] [REI]  - EntryTypeRegistryImpl
[18:51:19] [main/DEBUG] [REI]  - EntrySettingsAdapterRegistryImpl
[18:51:19] [main/DEBUG] [REI]  - RecipeManagerContextImpl
[18:51:19] [main/DEBUG] [REI]  - ItemComparatorRegistryImpl
[18:51:19] [main/DEBUG] [REI]  - FluidComparatorRegistryImpl
[18:51:19] [main/DEBUG] [REI]  - DisplaySerializerRegistryImpl
[18:51:19] [main/DEBUG] [REI]  - FluidSupportProviderImpl
[18:51:19] [main/DEBUG] [REI] Plugins (6):
[18:51:19] [main/DEBUG] [REI]  - (-100,00) DefaultPlugin of DefaultPlugin [roughlyenoughitems]
[18:51:19] [main/DEBUG] [REI]  - (0,00) FabricFluidAPISupportPlugin
[18:51:19] [main/DEBUG] [REI]  - (0,00) REIServerCompat of REIServerCompat [sophisticatedstorage]
[18:51:19] [main/DEBUG] [REI]  - (0,00) REIServerCompat of REIServerCompat [sophisticatedcore]
[18:51:19] [main/DEBUG] [REI]  - (0,00) REIServerCompat of REIServerCompat [sophisticatedbackpacks]
[18:51:19] [main/DEBUG] [REI]  - (0,00) DefaultRuntimePlugin of DefaultRuntimePlugin [roughlyenoughitems]
[18:51:19] [main/DEBUG] [REI] ========================================
[18:51:19] [main/TRACE] [REI] [REIPlugin END] Reloading Section: "post-register/"
[18:51:19] [main/TRACE] [REI] [REIPlugin END] Reloading Section: "post-register/DefaultPlugin of DefaultPlugin [roughlyenoughitems]/"
[18:51:19] [main/TRACE] [REI] [REIPlugin END] Reloading Section: "post-register/DefaultPlugin of DefaultPlugin [roughlyenoughitems]/" done in 8.600 μs
[18:51:19] [main/TRACE] [REI] [REIPlugin END] Reloading Section: "post-register/FabricFluidAPISupportPlugin/"
[18:51:19] [main/TRACE] [REI] [REIPlugin END] Reloading Section: "post-register/FabricFluidAPISupportPlugin/" done in 5.400 μs
[18:51:19] [main/TRACE] [REI] [REIPlugin END] Reloading Section: "post-register/REIServerCompat of REIServerCompat [sophisticatedstorage]/"
[18:51:19] [main/TRACE] [REI] [REIPlugin END] Reloading Section: "post-register/REIServerCompat of REIServerCompat [sophisticatedstorage]/" done in 4.700 μs
[18:51:19] [main/TRACE] [REI] [REIPlugin END] Reloading Section: "post-register/REIServerCompat of REIServerCompat [sophisticatedcore]/"
[18:51:19] [main/TRACE] [REI] [REIPlugin END] Reloading Section: "post-register/REIServerCompat of REIServerCompat [sophisticatedcore]/" done in 4.300 μs
[18:51:19] [main/TRACE] [REI] [REIPlugin END] Reloading Section: "post-register/REIServerCompat of REIServerCompat [sophisticatedbackpacks]/"
[18:51:19] [main/TRACE] [REI] [REIPlugin END] Reloading Section: "post-register/REIServerCompat of REIServerCompat [sophisticatedbackpacks]/" done in 4.200 μs
[18:51:19] [main/TRACE] [REI] [REIPlugin END] Reloading Section: "post-register/DefaultRuntimePlugin of DefaultRuntimePlugin [roughlyenoughitems]/"
[18:51:19] [main/TRACE] [REI] [REIPlugin END] Reloading Section: "post-register/DefaultRuntimePlugin of DefaultRuntimePlugin [roughlyenoughitems]/" done in 4.200 μs
[18:51:19] [main/TRACE] [REI] [REIPlugin END] Reloading Section: "post-register/" done in 111.2 μs
[18:51:19] [main/TRACE] [REI] [REIPlugin END] Reloading Section: "post-stage/"
[18:51:19] [main/TRACE] [REI] [REIPlugin END] Reloading Section: "post-stage/EntryTypeRegistryImpl/"
[18:51:19] [main/TRACE] [REI] [REIPlugin END] Reloading Section: "post-stage/EntryTypeRegistryImpl/" done in 4.800 μs
[18:51:19] [main/TRACE] [REI] [REIPlugin END] Reloading Section: "post-stage/EntrySettingsAdapterRegistryImpl/"
[18:51:19] [main/TRACE] [REI] [REIPlugin END] Reloading Section: "post-stage/EntrySettingsAdapterRegistryImpl/" done in 3.900 μs
[18:51:19] [main/TRACE] [REI] [REIPlugin END] Reloading Section: "post-stage/RecipeManagerContextImpl/"
[18:51:19] [main/TRACE] [REI] [REIPlugin END] Reloading Section: "post-stage/RecipeManagerContextImpl/" done in 62.50 μs
[18:51:19] [main/TRACE] [REI] [REIPlugin END] Reloading Section: "post-stage/ItemComparatorRegistryImpl/"
[18:51:19] [main/TRACE] [REI] [REIPlugin END] Reloading Section: "post-stage/ItemComparatorRegistryImpl/" done in 53.30 μs
[18:51:19] [main/TRACE] [REI] [REIPlugin END] Reloading Section: "post-stage/FluidComparatorRegistryImpl/"
[18:51:19] [main/TRACE] [REI] [REIPlugin END] Reloading Section: "post-stage/FluidComparatorRegistryImpl/" done in 15.40 μs
[18:51:19] [main/TRACE] [REI] [REIPlugin END] Reloading Section: "post-stage/DisplaySerializerRegistryImpl/"
[18:51:19] [main/TRACE] [REI] [REIPlugin END] Reloading Section: "post-stage/DisplaySerializerRegistryImpl/" done in 11.60 μs
[18:51:19] [main/TRACE] [REI] [REIPlugin END] Reloading Section: "post-stage/FluidSupportProviderImpl/"
[18:51:19] [main/TRACE] [REI] [REIPlugin END] Reloading Section: "post-stage/FluidSupportProviderImpl/" done in 45.80 μs
[18:51:19] [main/TRACE] [REI] [REIPlugin END] Reloading Section: "post-stage/" done in 576.2 μs
[18:51:19] [main/DEBUG] [REI] ========================================
[18:51:19] [main/INFO] [REI] REIPlugin finished post-reload for END in 710.1 μs, totaling 30.40 ms.
[18:51:19] [main/DEBUG] [REI] ========================================
[18:51:19] [main/DEBUG] [REI] ========================================
[18:51:19] [main/DEBUG] [REI] REIServerPlugin starting post-reload for END.
[18:51:19] [main/DEBUG] [REI] Reloadables (2):
[18:51:19] [main/DEBUG] [REI]  - MenuInfoRegistryImpl
[18:51:19] [main/DEBUG] [REI]  - SlotAccessorRegistryImpl
[18:51:19] [main/DEBUG] [REI] Plugins (6):
[18:51:19] [main/DEBUG] [REI]  - (-100,00) DefaultPlugin of DefaultPlugin [roughlyenoughitems]
[18:51:19] [main/DEBUG] [REI]  - (0,00) FabricFluidAPISupportPlugin
[18:51:19] [main/DEBUG] [REI]  - (0,00) REIServerCompat of REIServerCompat [sophisticatedstorage]
[18:51:19] [main/DEBUG] [REI]  - (0,00) REIServerCompat of REIServerCompat [sophisticatedcore]
[18:51:19] [main/DEBUG] [REI]  - (0,00) REIServerCompat of REIServerCompat [sophisticatedbackpacks]
[18:51:19] [main/DEBUG] [REI]  - (0,00) DefaultRuntimePlugin of DefaultRuntimePlugin [roughlyenoughitems]
[18:51:19] [main/DEBUG] [REI] ========================================
[18:51:19] [main/TRACE] [REI] [REIServerPlugin END] Reloading Section: "post-register/"
[18:51:19] [main/TRACE] [REI] [REIServerPlugin END] Reloading Section: "post-register/DefaultPlugin of DefaultPlugin [roughlyenoughitems]/"
[18:51:19] [main/TRACE] [REI] [REIServerPlugin END] Reloading Section: "post-register/DefaultPlugin of DefaultPlugin [roughlyenoughitems]/" done in 62.40 μs
[18:51:19] [main/TRACE] [REI] [REIServerPlugin END] Reloading Section: "post-register/FabricFluidAPISupportPlugin/"
[18:51:19] [main/TRACE] [REI] [REIServerPlugin END] Reloading Section: "post-register/FabricFluidAPISupportPlugin/" done in 10.10 μs
[18:51:19] [main/TRACE] [REI] [REIServerPlugin END] Reloading Section: "post-register/REIServerCompat of REIServerCompat [sophisticatedstorage]/"
[18:51:19] [main/TRACE] [REI] [REIServerPlugin END] Reloading Section: "post-register/REIServerCompat of REIServerCompat [sophisticatedstorage]/" done in 10.70 μs
[18:51:19] [main/TRACE] [REI] [REIServerPlugin END] Reloading Section: "post-register/REIServerCompat of REIServerCompat [sophisticatedcore]/"
[18:51:19] [main/TRACE] [REI] [REIServerPlugin END] Reloading Section: "post-register/REIServerCompat of REIServerCompat [sophisticatedcore]/" done in 6.000 μs
[18:51:19] [main/TRACE] [REI] [REIServerPlugin END] Reloading Section: "post-register/REIServerCompat of REIServerCompat [sophisticatedbackpacks]/"
[18:51:19] [main/TRACE] [REI] [REIServerPlugin END] Reloading Section: "post-register/REIServerCompat of REIServerCompat [sophisticatedbackpacks]/" done in 5.600 μs
[18:51:19] [main/TRACE] [REI] [REIServerPlugin END] Reloading Section: "post-register/DefaultRuntimePlugin of DefaultRuntimePlugin [roughlyenoughitems]/"
[18:51:19] [main/TRACE] [REI] [REIServerPlugin END] Reloading Section: "post-register/DefaultRuntimePlugin of DefaultRuntimePlugin [roughlyenoughitems]/" done in 5.600 μs
[18:51:19] [main/TRACE] [REI] [REIServerPlugin END] Reloading Section: "post-register/" done in 233.1 μs
[18:51:19] [main/TRACE] [REI] [REIServerPlugin END] Reloading Section: "post-stage/"
[18:51:19] [main/TRACE] [REI] [REIServerPlugin END] Reloading Section: "post-stage/MenuInfoRegistryImpl/"
[18:51:19] [main/TRACE] [REI] [REIServerPlugin END] Reloading Section: "post-stage/MenuInfoRegistryImpl/" done in 21.10 μs
[18:51:19] [main/TRACE] [REI] [REIServerPlugin END] Reloading Section: "post-stage/SlotAccessorRegistryImpl/"
[18:51:19] [main/TRACE] [REI] [REIServerPlugin END] Reloading Section: "post-stage/SlotAccessorRegistryImpl/" done in 5.500 μs
[18:51:19] [main/TRACE] [REI] [REIServerPlugin END] Reloading Section: "post-stage/" done in 56.80 μs
[18:51:19] [main/DEBUG] [REI] ========================================
[18:51:19] [main/INFO] [REI] REIServerPlugin finished post-reload for END in 311.0 μs, totaling 4.193 ms.
[18:51:19] [main/DEBUG] [REI] ========================================
